original_path,delivered_part,content_start_line,content_end_line,original_extension,size_bytes_original,sha256_original,encoding,redaction_status,conversion_status,omission_reason
.DS_Store,stock_swing_review_export_mail_safe_part_001.txt,1,12,,6148,1b7b2ca54f83b1bd7e403ad19e0a3976ad4c5814bf97d86510be9a96bc6a0fbb,utf-8,clean,delivered_in_bundle,
00_control/CHECKSUMS.sha256,stock_swing_review_export_mail_safe_part_001.txt,13,541,.sha256,68235,b1fd7be881ad7e2aca0243146f66f049824118d0200c356034dc761a2efa4a92,utf-8,clean,delivered_in_bundle,
00_control/DATA_DICTIONARY.md,stock_swing_review_export_mail_safe_part_001.txt,542,606,.md,2300,a1fc9999c91d5001a088d4648ffe66fd7ae4f930d73c5d4f8e066069214d71c6,utf-8,clean,delivered_in_bundle,
00_control/EXPORT_MANIFEST.json,stock_swing_review_export_mail_safe_part_001.txt,607,2305,.json,63923,b9ba4f91f0c96800f6135a6363b0292f6f9a778e72e7cd1a8ac4c6722b644f3c,utf-8,clean,delivered_in_bundle,
00_control/EXPORT_VALIDATION.json,stock_swing_review_export_mail_safe_part_001.txt,2306,2339,.json,772,d0e06cc3f1006691f783d530dd306b978dbf01aef3390536353dc0897da8e9b1,utf-8,clean,delivered_in_bundle,
00_control/GENERATION_LOG.txt,stock_swing_review_export_mail_safe_part_001.txt,2340,2439,.txt,4784,a47c26d642d07bb1dc020e9b2a50517389cfb973b0571c6a9ae854dabfc17f2c,utf-8,clean,delivered_in_bundle,
00_control/MISSING_DATA.csv,stock_swing_review_export_mail_safe_part_001.txt,2440,2451,.csv,89,050d870ae8c86c2dda9892e4021449a45d22adeea9d364ede9d9eee9f7cca583,utf-8,clean,delivered_in_bundle,
00_control/REDACTION_REPORT.md,stock_swing_review_export_mail_safe_part_001.txt,2452,2482,.md,774,1cb582423332e1f195fc9fe9808302960a2f4ca6b3eeae34a60d877a52e2e2fd,utf-8,redacted,delivered_in_bundle,
00_control/REVIEW_INDEX.md,stock_swing_review_export_mail_safe_part_001.txt,2483,2530,.md,1679,7db12ac274ab76eeb0b62707ec7ec82b753fc366b38105821a6ecac003e1d2d7,utf-8,clean,delivered_in_bundle,
00_control/SOURCE_INVENTORY.csv,stock_swing_review_export_mail_safe_part_001.txt,2531,3306,.csv,122840,159cb9ece18a5f82f519d7d4e3a128d572cf45ee02c371e2873be227e4f57ad2,utf-8,clean,delivered_in_bundle,
01_context_and_roadmap/2026-07-22.md,stock_swing_review_export_mail_safe_part_001.txt,3307,3552,.md,8784,069737f7123594b20d2d469d4d24dce85258f0bb90d4890078f29b84e9e0bc3b,utf-8,clean,delivered_in_bundle,
01_context_and_roadmap/2026-07-23.md,stock_swing_review_export_mail_safe_part_001.txt,3553,3674,.md,4591,0428d3db6a11f2b79102a0c2fb8df53428dcccca8ab8e36f596e4c45f2a53ef7,utf-8,clean,delivered_in_bundle,
01_context_and_roadmap/2026-07-25.md,stock_swing_review_export_mail_safe_part_001.txt,3675,3783,.md,3411,cbc9efc8373e38b1856fcf0f591b5f9e8ba91841ea2402aa7821bcbce620a774,utf-8,clean,delivered_in_bundle,
01_context_and_roadmap/2026-07-27.md,stock_swing_review_export_mail_safe_part_001.txt,3784,3878,.md,3158,777e7a0620900ec624c39b4c818b3d8ad92fb19d4bffdb3997251d30f2001bfc,utf-8,clean,delivered_in_bundle,
01_context_and_roadmap/2026-07-28.md,stock_swing_review_export_mail_safe_part_001.txt,3879,4053,.md,7413,b4318c174092977afb21d068b417129c8d7cc9d3a3592722de4ac1fbbff9c6dd,utf-8,clean,delivered_in_bundle,
01_context_and_roadmap/2026-07-29.md,stock_swing_review_export_mail_safe_part_001.txt,4054,4179,.md,4060,6156e803922b381c8f1cc63de671d1ee41bccfceb347600b00b8bb5f9d5662fe,utf-8,clean,delivered_in_bundle,
01_context_and_roadmap/AGENTS.md,stock_swing_review_export_mail_safe_part_001.txt,4180,4282,.md,4023,cbbc64617d5f35302dd8ed3c759335a8b3510e8cc4ee2dfc8e2b677613eb49be,utf-8,clean,delivered_in_bundle,
01_context_and_roadmap/GOVERNANCE.md,stock_swing_review_export_mail_safe_part_001.txt,4283,4441,.md,4437,627cc8716ba89f48f8b860d83db9b06343ff7f9aa64978976feb3988e560524e,utf-8,clean,delivered_in_bundle,
01_context_and_roadmap/STATUS.md,stock_swing_review_export_mail_safe_part_001.txt,4442,4755,.md,7041,a3b8053ff576566e06787815a4df814d1bc31e0c040fb8a1dfd702ef66596ab2,utf-8,clean,delivered_in_bundle,
01_context_and_roadmap/codex reviews/stock_swing_codex_fix_instructions_20260721.md,stock_swing_review_export_mail_safe_part_001.txt,4756,5144,.md,16208,5795e890361dd1bba59f0c6a3bdc354f4e56875711fdaac7d5232a10a65d9d78,utf-8,clean,delivered_in_bundle,
01_context_and_roadmap/codex reviews/stock_swing_codex_review_report_20260721.md,stock_swing_review_export_mail_safe_part_001.txt,5145,5464,.md,19176,558ee3daa188420685b0fa7f26b2879036736819126ec753bdf3a4c74f0d69ab,utf-8,clean,delivered_in_bundle,
01_context_and_roadmap/codex reviews/stock_swing_improvement_plan_merge_prompt_20260721.md,stock_swing_review_export_mail_safe_part_001.txt,5465,5614,.md,5355,c63df46474f65859271d0d36469da34c8284d24b29549c59a37119570092c1ca,utf-8,clean,delivered_in_bundle,
01_context_and_roadmap/codex reviews/stock_swing_improvement_plan_merge_spec_20260721.md,stock_swing_review_export_mail_safe_part_001.txt,5615,5793,.md,8340,2517bdee662970956f6569e54d086b6642f7a73c9923e514adfdd3b9c8d8ccdb,utf-8,clean,delivered_in_bundle,
01_context_and_roadmap/console_improvement_tasks.md,stock_swing_review_export_mail_safe_part_001.txt,5794,6434,.md,31065,c52e995c0c29f18b3a5299e1e76a7506e8ebc06376dd263ec7734aaeb029d5ad,utf-8,clean,delivered_in_bundle,
01_context_and_roadmap/go_no_go_checklist.md,stock_swing_review_export_mail_safe_part_001.txt,6435,6520,.md,2632,459e795e8b7600610535e2e1727aa30ea9a91718880ae40fec74bc5e2602fca8,utf-8,clean,delivered_in_bundle,
01_context_and_roadmap/go_no_go_judgment_20260731.md,stock_swing_review_export_mail_safe_part_001.txt,6521,6646,.md,3847,819cdf6d66e9fe5aeac8f99476295b22e6d69556601bcebd8c14e7f9a46bf722,utf-8,clean,delivered_in_bundle,
01_context_and_roadmap/go_no_go_prereport_20260723.md,stock_swing_review_export_mail_safe_part_001.txt,6647,6837,.md,6710,84d270377f50360abc7a53c1dfea2aac0f38b947df2eba95fde556a0c140366d,utf-8,clean,delivered_in_bundle,
01_context_and_roadmap/go_no_go_prereport_20260727.md,stock_swing_review_export_mail_safe_part_001.txt,6838,7090,.md,9956,6fff821def4416c74d6a166e51b6fa2bc0b32772058d675502f3bbb0a676990a,utf-8,clean,delivered_in_bundle,
01_context_and_roadmap/go_no_go_report_20260731.md,stock_swing_review_export_mail_safe_part_001.txt,7091,7351,.md,8991,2f3cb5f253e450aac55903bbf8f5702b42734f9b758c35eaf3bb7d69ae504bda,utf-8,clean,delivered_in_bundle,
01_context_and_roadmap/stop_loss_evaluation_guidelines.md,stock_swing_review_export_mail_safe_part_001.txt,7352,7513,.md,5750,819e9f5570b4da7abbfa414b52332acf4d123202205e13731b91e562e7a1bfc5,utf-8,clean,delivered_in_bundle,
01_context_and_roadmap/testing_standards.md,stock_swing_review_export_mail_safe_part_001.txt,7514,7686,.md,6947,fc8540738f31d9f1e2be9953d76049c041c465844f1e0b614bedc4ca63c5cf6f,utf-8,clean,delivered_in_bundle,
02_source_and_config/GOVERNANCE.md,stock_swing_review_export_mail_safe_part_001.txt,7687,7845,.md,4437,627cc8716ba89f48f8b860d83db9b06343ff7f9aa64978976feb3988e560524e,utf-8,clean,delivered_in_bundle,
02_source_and_config/MUSTREAD_NAVIGATION.md,stock_swing_review_export_mail_safe_part_001.txt,7846,8039,.md,7016,f16a07b822ff67d0cbbf2a9f2938472fd8f42e607fdee133f41099be924ecf69,utf-8,clean,delivered_in_bundle,
02_source_and_config/README.md,stock_swing_review_export_mail_safe_part_001.txt,8040,8097,.md,1290,9093c1f5eea4b1385ae6d61b81db3cb049e97fa573ace5510f2265eeaea4e24f,utf-8,clean,delivered_in_bundle,
02_source_and_config/changed_files/config/runtime/current_mode.yaml,stock_swing_review_export_mail_safe_part_001.txt,8098,8194,.yaml,4727,3f70ba4f79687e0df7c729e493a17be6796d31c22fa60f3459970338e269b8e0,utf-8,clean,delivered_in_bundle,
02_source_and_config/changed_files/config/strategy/portfolio_allocation.yaml,stock_swing_review_export_mail_safe_part_001.txt,8195,8267,.yaml,2612,d89a0828ff737e400b7b6e8edf6fe8c80c91231e114752a9aeb0daed3a696011,utf-8,clean,delivered_in_bundle,
02_source_and_config/changed_files/config/strategy/portfolio_allocation.yaml.bak_20260721,stock_swing_review_export_mail_safe_part_001.txt,8268,8316,.bak_20260721,1330,29eb2fde3ecbb190e9d489f88fce363648560f191ba5e3bd634593c73629b88b,utf-8,clean,delivered_in_bundle,
02_source_and_config/changed_files/config/strategy/simple_exit_v2.yaml,stock_swing_review_export_mail_safe_part_001.txt,8317,8397,.yaml,3741,5857e663413efdb26253eb2237e5005a96e1b696987a70dbde07ec3496305895,utf-8,clean,delivered_in_bundle,
02_source_and_config/changed_files/docs/IMPROVEMENT_PLAN_CHANGELOG_20260721.md,stock_swing_review_export_mail_safe_part_001.txt,8398,8563,.md,6379,715943268341ab1976a33fb931eb3d3b946cc75a6c71bfbaaf16ca977eb59767,utf-8,clean,delivered_in_bundle,
02_source_and_config/changed_files/docs/IMPROVEMENT_PLAN_MERGE_RESULT_20260721.md,stock_swing_review_export_mail_safe_part_001.txt,8564,8748,.md,8041,bea6a2ade688bf826dd5711e64ef4b349c4041a30f94769ca1026b2e7e95bf4d,utf-8,clean,delivered_in_bundle,
02_source_and_config/changed_files/docs/IMPROVEMENT_PLAN_TRACEABILITY_20260721.csv,stock_swing_review_export_mail_safe_part_001.txt,8749,8791,.csv,5410,93c914a3009f090b4218e144351931e4930019a467dde35516d234f237a54abc,utf-8,clean,delivered_in_bundle,
02_source_and_config/changed_files/docs/codex reviews/stock_swing_codex_fix_instructions_20260721.md,stock_swing_review_export_mail_safe_part_001.txt,8792,9180,.md,16208,5795e890361dd1bba59f0c6a3bdc354f4e56875711fdaac7d5232a10a65d9d78,utf-8,clean,delivered_in_bundle,
02_source_and_config/changed_files/docs/codex reviews/stock_swing_codex_review_report_20260721.md,stock_swing_review_export_mail_safe_part_001.txt,9181,9500,.md,19176,558ee3daa188420685b0fa7f26b2879036736819126ec753bdf3a4c74f0d69ab,utf-8,clean,delivered_in_bundle,
02_source_and_config/changed_files/docs/codex reviews/stock_swing_improvement_plan_merge_prompt_20260721.md,stock_swing_review_export_mail_safe_part_001.txt,9501,9650,.md,5355,c63df46474f65859271d0d36469da34c8284d24b29549c59a37119570092c1ca,utf-8,clean,delivered_in_bundle,
02_source_and_config/changed_files/docs/codex reviews/stock_swing_improvement_plan_merge_spec_20260721.md,stock_swing_review_export_mail_safe_part_001.txt,9651,9829,.md,8340,2517bdee662970956f6569e54d086b6642f7a73c9923e514adfdd3b9c8d8ccdb,utf-8,clean,delivered_in_bundle,
02_source_and_config/changed_files/docs/console_improvement_tasks.md,stock_swing_review_export_mail_safe_part_001.txt,9830,10470,.md,31065,c52e995c0c29f18b3a5299e1e76a7506e8ebc06376dd263ec7734aaeb029d5ad,utf-8,clean,delivered_in_bundle,
02_source_and_config/changed_files/docs/daily_logs/2026-07-14.md,stock_swing_review_export_mail_safe_part_001.txt,10471,10644,.md,6155,4d3a4ec931de1967a98ff62aa193c6340621bf93b2c516e99de52945f94cc556,utf-8,clean,delivered_in_bundle,
02_source_and_config/changed_files/docs/daily_logs/2026-07-21.md,stock_swing_review_export_mail_safe_part_001.txt,10645,10900,.md,8788,5d581c9ee9f2803f925bb5f1781a428818b9383498beaf5e0bad19c257f1cc27,utf-8,clean,delivered_in_bundle,
02_source_and_config/changed_files/docs/daily_logs/2026-07-22.md,stock_swing_review_export_mail_safe_part_001.txt,10901,11146,.md,8784,069737f7123594b20d2d469d4d24dce85258f0bb90d4890078f29b84e9e0bc3b,utf-8,clean,delivered_in_bundle,
02_source_and_config/changed_files/docs/daily_logs/2026-07-23.md,stock_swing_review_export_mail_safe_part_001.txt,11147,11268,.md,4591,0428d3db6a11f2b79102a0c2fb8df53428dcccca8ab8e36f596e4c45f2a53ef7,utf-8,clean,delivered_in_bundle,
02_source_and_config/changed_files/docs/daily_logs/2026-07-25.md,stock_swing_review_export_mail_safe_part_001.txt,11269,11377,.md,3411,cbc9efc8373e38b1856fcf0f591b5f9e8ba91841ea2402aa7821bcbce620a774,utf-8,clean,delivered_in_bundle,
02_source_and_config/changed_files/docs/daily_logs/2026-07-27.md,stock_swing_review_export_mail_safe_part_001.txt,11378,11472,.md,3158,777e7a0620900ec624c39b4c818b3d8ad92fb19d4bffdb3997251d30f2001bfc,utf-8,clean,delivered_in_bundle,
02_source_and_config/changed_files/docs/daily_logs/2026-07-28.md,stock_swing_review_export_mail_safe_part_001.txt,11473,11647,.md,7413,b4318c174092977afb21d068b417129c8d7cc9d3a3592722de4ac1fbbff9c6dd,utf-8,clean,delivered_in_bundle,
02_source_and_config/changed_files/docs/daily_logs/2026-07-29.md,stock_swing_review_export_mail_safe_part_001.txt,11648,11773,.md,4060,6156e803922b381c8f1cc63de671d1ee41bccfceb347600b00b8bb5f9d5662fe,utf-8,clean,delivered_in_bundle,
02_source_and_config/changed_files/docs/go_no_go_20260731.md,stock_swing_review_export_mail_safe_part_001.txt,11774,11920,.md,5130,0f2b285792c8c86d78ff8f704046104e3f559a0d5a53d4ec775009031930fa15,utf-8,clean,delivered_in_bundle,
02_source_and_config/changed_files/docs/go_no_go_judgment_20260731.md,stock_swing_review_export_mail_safe_part_001.txt,11921,12046,.md,3847,819cdf6d66e9fe5aeac8f99476295b22e6d69556601bcebd8c14e7f9a46bf722,utf-8,clean,delivered_in_bundle,
02_source_and_config/changed_files/docs/go_no_go_prereport_20260723.md,stock_swing_review_export_mail_safe_part_001.txt,12047,12237,.md,6710,84d270377f50360abc7a53c1dfea2aac0f38b947df2eba95fde556a0c140366d,utf-8,clean,delivered_in_bundle,
02_source_and_config/changed_files/docs/go_no_go_prereport_20260727.md,stock_swing_review_export_mail_safe_part_001.txt,12238,12490,.md,9956,6fff821def4416c74d6a166e51b6fa2bc0b32772058d675502f3bbb0a676990a,utf-8,clean,delivered_in_bundle,
02_source_and_config/changed_files/docs/go_no_go_report_20260731.md,stock_swing_review_export_mail_safe_part_001.txt,12491,12751,.md,8991,2f3cb5f253e450aac55903bbf8f5702b42734f9b758c35eaf3bb7d69ae504bda,utf-8,clean,delivered_in_bundle,
02_source_and_config/changed_files/docs/r0v2b_reversed_chronology_20260721.csv,stock_swing_review_export_mail_safe_part_001.txt,12752,12825,.csv,6351,8fd24a162e9d95dce9b57338ece6aa02e6dcb67e85cc2209254821f194f4978d,utf-8,clean,delivered_in_bundle,
02_source_and_config/changed_files/docs/r0v2c_guardrail_metrics_analysis_20260721.md,stock_swing_review_export_mail_safe_part_001.txt,12826,13016,.md,5710,756011f9d985faeb6483c577ffac75e88bf1f2a33345347b7ea3f9cb968d1858,utf-8,clean,delivered_in_bundle,
02_source_and_config/changed_files/docs/runbooks/r0v2b_ledger_repair_runbook.md,stock_swing_review_export_mail_safe_part_001.txt,13017,13351,.md,10467,0bcfd4f404733e07de9c4d4b24561696dc1a2322a8197156084f9f5faf3ea32b,utf-8,clean,delivered_in_bundle,
02_source_and_config/changed_files/docs/stop_loss_evaluation_guidelines.md,stock_swing_review_export_mail_safe_part_001.txt,13352,13513,.md,5750,819e9f5570b4da7abbfa414b52332acf4d123202205e13731b91e562e7a1bfc5,utf-8,clean,delivered_in_bundle,
02_source_and_config/changed_files/docs/testing_standards.md,stock_swing_review_export_mail_safe_part_001.txt,13514,13686,.md,6947,fc8540738f31d9f1e2be9953d76049c041c465844f1e0b614bedc4ca63c5cf6f,utf-8,clean,delivered_in_bundle,
02_source_and_config/changed_files/scripts/analyze_stop_loss_post_exit.py,stock_swing_review_export_mail_safe_part_001.txt,13687,13949,.py,10343,0d7b8ca0a27a199d11ab4292764d3e5b58d54089cb71cc4067ce22b6c915d9e7,utf-8,clean,delivered_in_bundle,
02_source_and_config/changed_files/scripts/audit_trades_with_market_data.py,stock_swing_review_export_mail_safe_part_001.txt,13950,14527,.py,21823,369cd2c404b8a2e6609766e78fc7fad3c6504ef8b210096352e0bc67ac43eb01,utf-8,clean,delivered_in_bundle,
02_source_and_config/changed_files/scripts/backfill_asset_class.py,stock_swing_review_export_mail_safe_part_001.txt,14528,14639,.py,3069,bd0981eab92aefa8883ef5b91872f2a9d39e3eb57615d1fd35443bfc394d7f66,utf-8,clean,delivered_in_bundle,
02_source_and_config/changed_files/scripts/backfill_entry_signal_strength.py,stock_swing_review_export_mail_safe_part_001.txt,14640,14859,.py,7376,961d33c2fd1973582567b29f312f75a1cc01e718238bf2152352e3770c93eb4b,utf-8,clean,delivered_in_bundle,
02_source_and_config/changed_files/scripts/cron/run_paper_demo.sh,stock_swing_review_export_mail_safe_part_001.txt,14860,14942,.sh,2906,909815901cdd3db672ab2d3029c6186f9062f44efbf7c77e2d8d35e9bc05c3b1,utf-8,clean,delivered_in_bundle,
02_source_and_config/changed_files/scripts/rebuild_pnl_state_from_broker.py,stock_swing_review_export_mail_safe_part_001.txt,14943,16035,.py,43409,5e1bf2c6800d536d880bef3c36585930469ce0242c5e29841e4fa26c942f0880,utf-8,clean,delivered_in_bundle,
02_source_and_config/changed_files/scripts/reset_circuit_breaker.py,stock_swing_review_export_mail_safe_part_001.txt,16036,16126,.py,2842,3e77819f76007e7c0898b8edd67d5bbdabf1a62d3782e9d7ae7752d3384c2bc3,utf-8,clean,delivered_in_bundle,
02_source_and_config/changed_files/scripts/sim_ae.py,stock_swing_review_export_mail_safe_part_001.txt,16127,16339,.py,6755,6abc8313e141d56f158203bb46064a82425f5a46eaa290d64459b5ceaf2d52bc,utf-8,clean,delivered_in_bundle,
02_source_and_config/changed_files/scripts/verify_rebuild_integrity.py,stock_swing_review_export_mail_safe_part_001.txt,16340,16708,.py,13162,83b4f7a14cf963e0d2cf00961ce0a095c5daa2261efaba7ddf2481c93a2082af,utf-8,clean,delivered_in_bundle,
02_source_and_config/changed_files/src/stock_swing/cli/collect_data.py,stock_swing_review_export_mail_safe_part_001.txt,16709,17128,.py,15687,e43272f3c1e25aff273470c7d112c92155a9671995122dc8f8569996aa4df4a0,utf-8,clean,delivered_in_bundle,
02_source_and_config/changed_files/src/stock_swing/cli/daily_report.py,stock_swing_review_export_mail_safe_part_001.txt,17129,17728,.py,24576,bf91f33d2de4f5796f82181fbc017a2b2249709434a96f16c1c25b3599014e35,utf-8,clean,delivered_in_bundle,
02_source_and_config/changed_files/src/stock_swing/cli/paper_demo.py,stock_swing_review_export_mail_safe_part_001.txt,17729,20611,.py,137487,ac957962735ef4bc0b036484ec2f8bb241581f591c385b5a3e7f1362d3d93215,utf-8,clean,delivered_in_bundle,
02_source_and_config/changed_files/src/stock_swing/cli/reconcile_orders.py,stock_swing_review_export_mail_safe_part_001.txt,20612,21719,.py,49765,5bdd455167c4daa6adde074475d694f9ca11777a413806197900180ce55c5a92,utf-8,clean,delivered_in_bundle,
02_source_and_config/changed_files/src/stock_swing/core/runtime.py,stock_swing_review_export_mail_safe_part_001.txt,21720,21841,.py,3639,e31a66bb192819f94bb4d6f244193fe74a6ab631b08d43e75a17dc3808a0dc69,utf-8,clean,delivered_in_bundle,
02_source_and_config/changed_files/src/stock_swing/execution/paper_executor.py,stock_swing_review_export_mail_safe_part_001.txt,21842,22330,.py,19994,5ad1254356350d4aa64b756ba2ef0151e876c79296b560b62ef00abbfb448f33,utf-8,clean,delivered_in_bundle,
02_source_and_config/changed_files/src/stock_swing/guardrails/circuit_breaker.py,stock_swing_review_export_mail_safe_part_001.txt,22331,22494,.py,5506,1820c1a2d6bf19b1d6b75115486cb9564f4a30e250aaa3a330c311cf157ea28f,utf-8,clean,delivered_in_bundle,
02_source_and_config/changed_files/src/stock_swing/guardrails/postrun_mismatch.py,stock_swing_review_export_mail_safe_part_001.txt,22495,22618,.py,4586,82aa0ba4031e4fbee91461cc6c16f380273693f293af5387a9ae8ee0bffac16e,utf-8,clean,delivered_in_bundle,
02_source_and_config/changed_files/src/stock_swing/guardrails/risk_snapshot.py,stock_swing_review_export_mail_safe_part_001.txt,22619,22807,.py,6931,dda8fa4836ead0f0d7f540e73b8f69d4b719e2dc60d83801bae3109d2010d33e,utf-8,clean,delivered_in_bundle,
02_source_and_config/changed_files/src/stock_swing/reporting/console_renderer.py,stock_swing_review_export_mail_safe_part_001.txt,22808,23463,.py,27657,cc97c6ae5287f8875f10d926b97afcc1023a2f5dd310d896f1209d83641a8674,utf-8,clean,delivered_in_bundle,
02_source_and_config/changed_files/src/stock_swing/reporting/console_summary.py,stock_swing_review_export_mail_safe_part_001.txt,23464,23923,.py,19743,0c3cdd2a2e1f201048313f6747d7f41fd8f0602cc8b50ea714302f312ccaae96,utf-8,clean,delivered_in_bundle,
02_source_and_config/changed_files/src/stock_swing/reporting/equity_bridge.py,stock_swing_review_export_mail_safe_part_001.txt,23924,24041,.py,4609,88e7e5397cb4fc13ca8c2545bb9986e17a91c71b8eaa3c3d2c314d3442891c8a,utf-8,clean,delivered_in_bundle,
02_source_and_config/changed_files/src/stock_swing/risk/allocation_config.py,stock_swing_review_export_mail_safe_part_001.txt,24042,24207,.py,5625,dcb2e4f21aaf01163d66859a1cde97c039ff39dffb07aade5486ff6213c2b85f,utf-8,clean,delivered_in_bundle,
02_source_and_config/changed_files/src/stock_swing/risk/entry_filter.py,stock_swing_review_export_mail_safe_part_001.txt,24208,24629,.py,16214,f3f736ec83b668616664500621c0e582cef4d832ea429bc82b0e9c44818a3cd6,utf-8,clean,delivered_in_bundle,
02_source_and_config/changed_files/src/stock_swing/risk/portfolio_allocator.py,stock_swing_review_export_mail_safe_part_001.txt,24630,25046,.py,16426,2f438ce20370b108abf6ea961cc3b7dc5254a2d5f7e2428d1c16a4fbc2a3f274,utf-8,clean,delivered_in_bundle,
02_source_and_config/changed_files/src/stock_swing/risk/position_sizing.py,stock_swing_review_export_mail_safe_part_001.txt,25047,25327,.py,12933,773b3adbdd3cd2c954a6fed417f33e1ede969620333504f4ac9e40f39ec21ea8,utf-8,clean,delivered_in_bundle,
02_source_and_config/changed_files/src/stock_swing/sources/massive_client.py,stock_swing_review_export_mail_safe_part_001.txt,25328,25663,.py,10676,6ed163f73f52c963b4755363b17893c4e58e437debec9e72bf20f7789c0bd772,utf-8,clean,delivered_in_bundle,
02_source_and_config/changed_files/src/stock_swing/strategy_engine/sector_shock_hold.py,stock_swing_review_export_mail_safe_part_001.txt,25664,26145,.py,21437,6a0a08956f2c6a7ee0b6d73dccbcfae6c51c35ea066c54195e0f29f49ec6ebdd,utf-8,clean,delivered_in_bundle,
02_source_and_config/changed_files/src/stock_swing/strategy_engine/simple_exit_v2_strategy.py,stock_swing_review_export_mail_safe_part_001.txt,26146,26747,.py,28678,2a8a3bf8a7b207751117e8e70952fbbe14fefe3975183e3c5a86eb2499a75dfb,utf-8,clean,delivered_in_bundle,
02_source_and_config/changed_files/src/stock_swing/tracking/closed_trade_validator.py,stock_swing_review_export_mail_safe_part_001.txt,26748,26876,.py,4412,8ee27a6089a03905ae322635f5975f7467fb84effc4554a71f037209f77690c0,utf-8,clean,delivered_in_bundle,
02_source_and_config/changed_files/src/stock_swing/tracking/pnl_tracker.py,stock_swing_review_export_mail_safe_part_001.txt,26877,28133,.py,53200,9d1c2c427d831482f38f3c257c78d292c4832f3120d1cf3affe249c3bcbec8c5,utf-8,clean,delivered_in_bundle,
02_source_and_config/changed_files/src/stock_swing/utils/market_calendar.py,stock_swing_review_export_mail_safe_part_001.txt,28134,28430,.py,10538,abecd0f08a9492e0fb41fc8cbb81645955e00152778888c0e68c8c333a79d6b2,utf-8,clean,delivered_in_bundle,
02_source_and_config/changed_files/src/stock_swing/utils/market_guard.py,stock_swing_review_export_mail_safe_part_001.txt,28431,28532,.py,3534,517c820dd0b8eca1b2385712cbb71d7bd5a1bdc1995deda7443d966bc2f5104a,utf-8,clean,delivered_in_bundle,
02_source_and_config/changed_files/src/stock_swing/utils/mtime_cache.py,stock_swing_review_export_mail_safe_part_001.txt,28533,28682,.py,4843,0badb35b2e27f9f1de414ffb6f28d406382e97eded341aa818f24731beb1fdfc,utf-8,clean,delivered_in_bundle,
02_source_and_config/changed_files/tests/unit/test_asset_class_rebuild_integration.py,stock_swing_review_export_mail_safe_part_001.txt,28683,28968,.py,11528,659ae442ecf0108bb6eebc05b83fda2faf27e662121cf6fd429a42581f24489b,utf-8,clean,delivered_in_bundle,
02_source_and_config/changed_files/tests/unit/test_buy_stop_list.py,stock_swing_review_export_mail_safe_part_001.txt,28969,29195,.py,8781,d256fb80322e05ae6a17876ac7324b5dfb77bd1355d30e7b0b38b06d19ab766e,utf-8,clean,delivered_in_bundle,
02_source_and_config/changed_files/tests/unit/test_circuit_breaker.py,stock_swing_review_export_mail_safe_part_001.txt,29196,29413,.py,7850,c23a6780df167f16db1818d17676932c6df578c07560b75f1a30faf071e0a86b,utf-8,clean,delivered_in_bundle,
02_source_and_config/changed_files/tests/unit/test_console_halt_visibility.py,stock_swing_review_export_mail_safe_part_001.txt,29414,29682,.py,10082,30caf705a051855633016a4bc1824903c60e3744b8d12e102024de6fc10b447a,utf-8,clean,delivered_in_bundle,
02_source_and_config/changed_files/tests/unit/test_console_renderer.py,stock_swing_review_export_mail_safe_part_001.txt,29683,29942,.py,7842,754a03dd119f6dcc0b3fa979f94d2fdbc806a3490a1e6374fe87c9916b54b599,utf-8,clean,delivered_in_bundle,
02_source_and_config/changed_files/tests/unit/test_console_summary.py,stock_swing_review_export_mail_safe_part_001.txt,29943,30182,.py,7440,752444e52e685dcb900f86465b80b901433652431a8fb7b8c9be85cc2508d723,utf-8,clean,delivered_in_bundle,
02_source_and_config/changed_files/tests/unit/test_daily_report.py,stock_swing_review_export_mail_safe_part_001.txt,30183,30414,.py,7442,e2772eb96da483e6ccc31ab9940c13d40219e2fd700004e13b6737568d3e157f,utf-8,clean,delivered_in_bundle,
02_source_and_config/changed_files/tests/unit/test_dashboard_service.py,stock_swing_review_export_mail_safe_part_001.txt,30415,30721,.py,12963,e4ab62d56f8593817ae1fd690f352e39c192c92341b057721c386820c85af488,utf-8,clean,delivered_in_bundle,
02_source_and_config/changed_files/tests/unit/test_entry_filter.py,stock_swing_review_export_mail_safe_part_001.txt,30722,31150,.py,14319,ee47cd9d149a9ae3b661ac08c3a72ad93cc5f4890480fccee153d3ebd49c97e5,utf-8,clean,delivered_in_bundle,
02_source_and_config/changed_files/tests/unit/test_entry_signal_strength.py,stock_swing_review_export_mail_safe_part_001.txt,31151,31534,.py,15369,911abf2b5aa9b1bb8b9cbaac1d1a380aeca33ce05fe79f86750642e3e01d0030,utf-8,clean,delivered_in_bundle,
02_source_and_config/changed_files/tests/unit/test_f2_guardrail_mismatch.py,stock_swing_review_export_mail_safe_part_001.txt,31535,31671,.py,4990,a22d9ed72e3736c6e1893f2967eb32cac420bea52b766bc3955de1cd3da60472,utf-8,clean,delivered_in_bundle,
02_source_and_config/changed_files/tests/unit/test_f7_sector_shock_hold.py,stock_swing_review_export_mail_safe_part_001.txt,31672,32076,.py,15850,3ad0570ee0fb95dc2f76aa680671289213fdd1775f435f2fad9495556c1e3ebf,utf-8,clean,delivered_in_bundle,
02_source_and_config/changed_files/tests/unit/test_g1v2_postrun_lag_exclusion.py,stock_swing_review_export_mail_safe_part_001.txt,32077,32442,.py,15598,1f14e8a49b8d6928a90ba92bbde928d534b2e1783bec584b4c962befd7dc4172,utf-8,clean,delivered_in_bundle,
02_source_and_config/changed_files/tests/unit/test_h5_allocation_unification.py,stock_swing_review_export_mail_safe_part_001.txt,32443,32997,.py,24299,317ecac48c860ce53e7c6c570d7a1da862638392d0966c5555b647b616cf48ce,utf-8,clean,delivered_in_bundle,
02_source_and_config/changed_files/tests/unit/test_massive_client.py,stock_swing_review_export_mail_safe_part_001.txt,32998,33077,.py,2211,c2bd24ec3e73fd12655ee5a47d842a13a5a01c76bf3b366501ad1a8775e1a8c6,utf-8,clean,delivered_in_bundle,
02_source_and_config/changed_files/tests/unit/test_open_position_signal_summary.py,stock_swing_review_export_mail_safe_part_001.txt,33078,33354,.py,10278,06463a714f334a51a8521f9d9f9d64cff600c829eb5288059f38adea9736d6d0,utf-8,clean,delivered_in_bundle,
02_source_and_config/changed_files/tests/unit/test_r0v2b_code.py,stock_swing_review_export_mail_safe_part_001.txt,33355,33696,.py,15794,a50cc4350084065e0fe3e24d5fd8069e153e05f240b051fbba3c9733b81e793f,utf-8,clean,delivered_in_bundle,
02_source_and_config/changed_files/tests/unit/test_r0v2c_guardrail.py,stock_swing_review_export_mail_safe_part_001.txt,33697,33977,.py,12814,68205212a4d11dca3b8996e38443f840cee766579806a948c50a5e081182eb5c,utf-8,clean,delivered_in_bundle,
02_source_and_config/changed_files/tests/unit/test_r0v2d_metadata.py,stock_swing_review_export_mail_safe_part_001.txt,33978,34156,.py,8007,afd83b20bb3267fd4f562434354321b09b791973550bbd3632bb93f807d1a3af,utf-8,clean,delivered_in_bundle,
02_source_and_config/changed_files/tests/unit/test_r1v2_rebuild_idempotency.py,stock_swing_review_export_mail_safe_part_001.txt,34157,34526,.py,15765,d7c11e40ad93a23f00ac4bf2ff16810d31a421c089cbb079fd6c51ce9721d835,utf-8,clean,delivered_in_bundle,
02_source_and_config/changed_files/tests/unit/test_r6v2_console.py,stock_swing_review_export_mail_safe_part_001.txt,34527,34757,.py,9571,2f70d8a459fe5f2a342af0f01cb8127f1313157c75061ad96bff2748c5e0d7a0,utf-8,clean,delivered_in_bundle,
02_source_and_config/changed_files/tests/unit/test_r6v2_mtime_cache.py,stock_swing_review_export_mail_safe_part_001.txt,34758,34991,.py,8229,7d83e9382109b77068dc446a555d43e09e9b7f7d435bb717644daf5242846f84,utf-8,clean,delivered_in_bundle,
02_source_and_config/changed_files/tests/unit/test_r7v2_market_guard.py,stock_swing_review_export_mail_safe_part_001.txt,34992,35255,.py,11394,0a179fee5281106e1e660a184a904f64f428f6651c2d66c103b8e21a10b323e7,utf-8,clean,delivered_in_bundle,
02_source_and_config/changed_files/tests/unit/test_reconcile_orders.py,stock_swing_review_export_mail_safe_part_001.txt,35256,35894,.py,25703,34f136a39c4bcd174f1fc814218f8c4599a455e0e727fdba3a3507fc2947700f,utf-8,clean,delivered_in_bundle,
02_source_and_config/changed_files/tests/unit/test_runtime.py,stock_swing_review_export_mail_safe_part_001.txt,35895,36024,.py,4559,d193f027cb54a472ae81489fe217dfe4471a5f14c71a491f8f9ea0d133c5b712,utf-8,clean,delivered_in_bundle,
02_source_and_config/changed_files/tests/unit/test_sector_shock_per_symbol_benchmark.py,stock_swing_review_export_mail_safe_part_001.txt,36025,36280,.py,10853,454852a1d81c469b2d5d3e448a6694e30b24de015ef4b21aa355d2a0bd84ef21,utf-8,clean,delivered_in_bundle,
02_source_and_config/changed_files/tests/unit/test_simple_exit_v2_strategy.py,stock_swing_review_export_mail_safe_part_001.txt,36281,37156,.py,34009,1cf99ec27746c2439bf9b684748fce1cfafe218285847b17dd279c420b7ef253,utf-8,clean,delivered_in_bundle,
02_source_and_config/config/accounts.json,stock_swing_review_export_mail_safe_part_001.txt,37157,37202,.json,1424,63faf557d73ca62c5602600b3f7b71ed5753a9dbbbc2f9c051f9409012518bfe,utf-8,clean,delivered_in_bundle,
02_source_and_config/config/ai/ai_runtime.yaml,stock_swing_review_export_mail_safe_part_001.txt,37203,37231,.yaml,343,ec0791a164a4fd5790f387c0c0489bd4f377ce166ac0fc9e29b2ebfd1fdb0ef5,utf-8,clean,delivered_in_bundle,
02_source_and_config/config/environments/local.yaml,stock_swing_review_export_mail_safe_part_001.txt,37232,37246,.yaml,74,812beb1aa5e01a68663c2892f4e402ef81602036b7e4216a1688519ef4607e77,utf-8,clean,delivered_in_bundle,
02_source_and_config/config/experiments/ab_buckets.yaml,stock_swing_review_export_mail_safe_part_001.txt,37247,37268,.yaml,237,4464f572de59dcc8866f3327ed4ef310cf2e2a36d5c7693c45d5ba9ef9c3dc29,utf-8,clean,delivered_in_bundle,
02_source_and_config/config/experiments/default_experiment.yaml,stock_swing_review_export_mail_safe_part_001.txt,37269,37287,.yaml,164,900758254618590c7d00065a6366df6ed273df6f3fecb76f62b7aa5c8d352bdc,utf-8,clean,delivered_in_bundle,
02_source_and_config/config/features/intraday_momentum.yaml,stock_swing_review_export_mail_safe_part_001.txt,37288,37338,.yaml,1348,17f401488b8bc01925abb86590bf1edd60875e6116487cc1c1531498b0780196,utf-8,clean,delivered_in_bundle,
02_source_and_config/config/guardrails/autonomous_stop.yaml,stock_swing_review_export_mail_safe_part_001.txt,37339,37414,.yaml,1512,89dde5ef01f3c0fe1f4f2248497a3ead39b3ed88f67cd98cde559120ef202603,utf-8,clean,delivered_in_bundle,
02_source_and_config/config/reference/symbol_registry.yaml,stock_swing_review_export_mail_safe_part_001.txt,37415,37852,.yaml,12501,b9cc1e991e89781bb62a00aafd226ce0de011cf677c525bff2189b72036c7aa3,utf-8,clean,delivered_in_bundle,
02_source_and_config/config/runtime/current_mode.yaml,stock_swing_review_export_mail_safe_part_001.txt,37853,37949,.yaml,4727,3f70ba4f79687e0df7c729e493a17be6796d31c22fa60f3459970338e269b8e0,utf-8,clean,delivered_in_bundle,
02_source_and_config/config/sources/broker.yaml,stock_swing_review_export_mail_safe_part_001.txt,37950,37965,.yaml,103,4a43742f694e21097178752e935b2820fd37a7443b12fb7262eae8a87d0522ff,utf-8,clean,delivered_in_bundle,
02_source_and_config/config/sources/finnhub.yaml,stock_swing_review_export_mail_safe_part_001.txt,37966,37981,.yaml,111,7bc00de412e5644913aad37a1334f5034b6d3d899abaf30a18394c3b37ab879c,utf-8,clean,delivered_in_bundle,
02_source_and_config/config/sources/fred.yaml,stock_swing_review_export_mail_safe_part_001.txt,37982,37997,.yaml,114,7d151d0a722a93f953541ff7dc227f9db7fd9f8f42b7f4b08923917e1b9b5a0e,utf-8,clean,delivered_in_bundle,
02_source_and_config/config/sources/sec.yaml,stock_swing_review_export_mail_safe_part_001.txt,37998,38013,.yaml,102,85b56628063603feafc022ebd9fb46c7b73ebde1aa24ac3896725629972b6c31,utf-8,clean,delivered_in_bundle,
02_source_and_config/config/strategy/breakout_momentum_v1.yaml,stock_swing_review_export_mail_safe_part_001.txt,38014,38029,.yaml,133,af1c67510e391d3e0f4c306d9ef308ba305c1fed3536f75622dec61fe4567bf7,utf-8,clean,delivered_in_bundle,
02_source_and_config/config/strategy/entry_filters.yaml,stock_swing_review_export_mail_safe_part_001.txt,38030,38070,.yaml,1151,3daad856b2132cdda4a642e71e3d2c0d06d6166217529db115d43382f6ed45c5,utf-8,clean,delivered_in_bundle,
02_source_and_config/config/strategy/event_swing_v1.yaml,stock_swing_review_export_mail_safe_part_001.txt,38071,38087,.yaml,124,2c3f2ae24fc26ba89b1ef597429267ab4c63db97101b37cfb34756d2575df7bc,utf-8,clean,delivered_in_bundle,
02_source_and_config/config/strategy/open_shock_cooldown.yaml,stock_swing_review_export_mail_safe_part_001.txt,38088,38121,.yaml,543,94c648f4127d165d4e4731fd4149abed78c8803eed2152f24c2567991f6de6dc,utf-8,clean,delivered_in_bundle,
02_source_and_config/config/strategy/portfolio_allocation.yaml,stock_swing_review_export_mail_safe_part_001.txt,38122,38194,.yaml,2612,d89a0828ff737e400b7b6e8edf6fe8c80c91231e114752a9aeb0daed3a696011,utf-8,clean,delivered_in_bundle,
02_source_and_config/config/strategy/portfolio_allocation.yaml.bak_20260721,stock_swing_review_export_mail_safe_part_001.txt,38195,38243,.bak_20260721,1330,29eb2fde3ecbb190e9d489f88fce363648560f191ba5e3bd634593c73629b88b,utf-8,clean,delivered_in_bundle,
02_source_and_config/config/strategy/simple_exit_v2.yaml,stock_swing_review_export_mail_safe_part_001.txt,38244,38324,.yaml,3741,5857e663413efdb26253eb2237e5005a96e1b696987a70dbde07ec3496305895,utf-8,clean,delivered_in_bundle,
02_source_and_config/console_improvement_tasks.md,stock_swing_review_export_mail_safe_part_001.txt,38325,38965,.md,31065,c52e995c0c29f18b3a5299e1e76a7506e8ebc06376dd263ec7734aaeb029d5ad,utf-8,clean,delivered_in_bundle,
02_source_and_config/critical_runtime/src/stock_swing/guardrails/__init__.py,stock_swing_review_export_mail_safe_part_001.txt,38966,38979,.py,186,3d86e337be3fb91253cd9b3518e143a455f59110eda30b40a706d6c885ddc8fa,utf-8,clean,delivered_in_bundle,
02_source_and_config/critical_runtime/src/stock_swing/guardrails/circuit_breaker.py,stock_swing_review_export_mail_safe_part_001.txt,38980,39143,.py,5506,1820c1a2d6bf19b1d6b75115486cb9564f4a30e250aaa3a330c311cf157ea28f,utf-8,clean,delivered_in_bundle,
02_source_and_config/critical_runtime/src/stock_swing/guardrails/flatten_plan.py,stock_swing_review_export_mail_safe_part_001.txt,39144,39199,.py,1281,cbaf2879600076c4024c928370ccb6b0e6b07faaad61144121d25478c9770880,utf-8,clean,delivered_in_bundle,
02_source_and_config/critical_runtime/src/stock_swing/guardrails/postrun_mismatch.py,stock_swing_review_export_mail_safe_part_001.txt,39200,39323,.py,4586,82aa0ba4031e4fbee91461cc6c16f380273693f293af5387a9ae8ee0bffac16e,utf-8,clean,delivered_in_bundle,
02_source_and_config/critical_runtime/src/stock_swing/guardrails/pre_trade_check.py,stock_swing_review_export_mail_safe_part_001.txt,39324,39438,.py,3915,7a0af208eeaa0e691f9d34607f4633971ae360e4ee01c7e038a27f95c019e80f,utf-8,clean,delivered_in_bundle,
02_source_and_config/critical_runtime/src/stock_swing/guardrails/risk_snapshot.py,stock_swing_review_export_mail_safe_part_001.txt,39439,39627,.py,6931,dda8fa4836ead0f0d7f540e73b8f69d4b719e2dc60d83801bae3109d2010d33e,utf-8,clean,delivered_in_bundle,
02_source_and_config/critical_runtime/src/stock_swing/guardrails/rule_engine.py,stock_swing_review_export_mail_safe_part_001.txt,39628,39775,.py,4134,ada8f6ed2a4abc57bcbf26d0e7a36c312aff7b47f1493540f79ea17bb4097e1d,utf-8,clean,delivered_in_bundle,
02_source_and_config/git_diff_docs.patch,stock_swing_review_export_mail_safe_part_001.txt,39776,44988,.patch,234493,f176993393f44dad2583efd33592593b97e296a940c1d81bc98e454896bb5a87,utf-8,clean,delivered_in_bundle,
02_source_and_config/git_diff_full.patch,stock_swing_review_export_mail_safe_part_001.txt,44989,57728,.patch,564797,7baaec9ec41372725a011771455d88bf0c8939f882ff0c4db0b079fa081ec4fb,utf-8,clean,delivered_in_bundle,
02_source_and_config/git_diff_name_status.txt,stock_swing_review_export_mail_safe_part_001.txt,57729,57868,.txt,5588,f32a725df63ad4c8e0a09a2cb6ef7791301fd73744066797f272d842f88c081e,utf-8,clean,delivered_in_bundle,
02_source_and_config/git_diff_stat.txt,stock_swing_review_export_mail_safe_part_001.txt,57869,58009,.txt,8148,3df4a4692f52ca2fbe17482d7dc9259bb54df933a70e857ea68425e9ba4fd7ba,utf-8,clean,delivered_in_bundle,
02_source_and_config/git_log_since_baseline.txt,stock_swing_review_export_mail_safe_part_001.txt,58010,58138,.txt,7302,80652c859de2d3db11332beea7a4189d7dad6dd48a15070bb7f3e8fcd07cf783,utf-8,clean,delivered_in_bundle,
02_source_and_config/git_status.txt,stock_swing_review_export_mail_safe_part_001.txt,58139,58151,.txt,121,da15388dd3f06700c088182a1774f4c99f26e22bf54f0fb6b1fb86aafe988a44,utf-8,clean,delivered_in_bundle,
02_source_and_config/pip_freeze.txt,stock_swing_review_export_mail_safe_part_001.txt,58152,58180,.txt,1028,b1b664fa030aef695d1bc0fe4395d23709fa410703eca912b8cd7e7441826ac0,utf-8,clean,delivered_in_bundle,
02_source_and_config/pyproject.toml,stock_swing_review_export_mail_safe_part_001.txt,58181,58212,.toml,456,763e0d8b00880106208857e17de5e89a1ec86b63b8530d956506dbf4a81d17c8,utf-8,clean,delivered_in_bundle,
02_source_and_config/requirements.txt,stock_swing_review_export_mail_safe_part_001.txt,58213,58242,.txt,259,f261aa9eae6a5449e29d7c077464d49646a2261d62544f15604799488a755392,utf-8,clean,delivered_in_bundle,
02_source_and_config/runtime_versions.txt,stock_swing_review_export_mail_safe_part_001.txt,58243,60488,.txt,129636,140fcd112f891584d1b63185dbca060d00847f4638a241d23d8ff7b38ba2c0f5,utf-8,clean,delivered_in_bundle,
03_tests_and_quality/pytest_output.txt,stock_swing_review_export_mail_safe_part_001.txt,60489,60499,.txt,0,e3b0c44298fc1c149afbf4c8996fb92427ae41e4649b934ca495991b7852b855,utf-8,clean,delivered_in_bundle,
03_tests_and_quality/pytest_output_plain.txt,stock_swing_review_export_mail_safe_part_001.txt,60500,60533,.txt,1774,328f272380212ad2f8ea25ff99bf79343fd36ad26c3f1ba931738ffd366e7d56,utf-8,clean,delivered_in_bundle,
03_tests_and_quality/pytest_stderr.txt,stock_swing_review_export_mail_safe_part_001.txt,60534,60545,.txt,76,e33688c9c0c9a5aedf876266cc617f2c572e0d1ad4ec27d79c0e93a9f6ccc385,utf-8,clean,delivered_in_bundle,
03_tests_and_quality/test_inventory.txt,stock_swing_review_export_mail_safe_part_001.txt,60546,60557,.txt,76,e33688c9c0c9a5aedf876266cc617f2c572e0d1ad4ec27d79c0e93a9f6ccc385,utf-8,clean,delivered_in_bundle,
03_tests_and_quality/tests_changed_since_baseline.txt,stock_swing_review_export_mail_safe_part_001.txt,60558,60595,.txt,1090,5cf9835d8f334fcc9359101ab8e5e30c5cd44545ce322b114631f141880d8afe,utf-8,clean,delivered_in_bundle,
03_tests_and_quality/tests_source/__init__.py,stock_swing_review_export_mail_safe_part_001.txt,60596,60606,.py,0,e3b0c44298fc1c149afbf4c8996fb92427ae41e4649b934ca495991b7852b855,utf-8,clean,delivered_in_bundle,
03_tests_and_quality/tests_source/contract/__init__.py,stock_swing_review_export_mail_safe_part_001.txt,60607,60617,.py,0,e3b0c44298fc1c149afbf4c8996fb92427ae41e4649b934ca495991b7852b855,utf-8,clean,delivered_in_bundle,
03_tests_and_quality/tests_source/contract/test_canonical_schema_contract.py,stock_swing_review_export_mail_safe_part_001.txt,60618,61010,.py,13399,df59c36ff1856cbf602b3b94b94a9c3f79d8041f7d0fca0d77fa76fe77b856e5,utf-8,clean,delivered_in_bundle,
03_tests_and_quality/tests_source/contract/test_decision_fixture_shape.py,stock_swing_review_export_mail_safe_part_001.txt,61011,61030,.py,385,45c4cc215c4fc573ed50dab3861af65bf829993f38e5e7ce5fa82d23aafd615c,utf-8,clean,delivered_in_bundle,
03_tests_and_quality/tests_source/contract/test_decision_schema_contract.py,stock_swing_review_export_mail_safe_part_001.txt,61031,61240,.py,6932,091db92f2463eb94dc9f86e95635a21b08ee62f0b9b6ab78b0a3e3c1b001a6d4,utf-8,clean,delivered_in_bundle,
03_tests_and_quality/tests_source/fixtures/__init__.py,stock_swing_review_export_mail_safe_part_001.txt,61241,61251,.py,0,e3b0c44298fc1c149afbf4c8996fb92427ae41e4649b934ca495991b7852b855,utf-8,clean,delivered_in_bundle,
03_tests_and_quality/tests_source/fixtures/decisions/__init__.py,stock_swing_review_export_mail_safe_part_001.txt,61252,61262,.py,0,e3b0c44298fc1c149afbf4c8996fb92427ae41e4649b934ca495991b7852b855,utf-8,clean,delivered_in_bundle,
03_tests_and_quality/tests_source/fixtures/decisions/decision_sample.json,stock_swing_review_export_mail_safe_part_001.txt,61263,61300,.json,564,7632937d3c968a6473bb648c3094033dcf2682f92d980e46224143745b404901,utf-8,clean,delivered_in_bundle,
03_tests_and_quality/tests_source/fixtures/incidents/klac_20260624_stale_price.json,stock_swing_review_export_mail_safe_part_001.txt,61301,61328,.json,462,bf41dd32e5ed1bb764a87622cb7931e8c403e590f4fca586d4536b164bdf9ae1,utf-8,clean,delivered_in_bundle,
03_tests_and_quality/tests_source/fixtures/normalized/__init__.py,stock_swing_review_export_mail_safe_part_001.txt,61329,61339,.py,0,e3b0c44298fc1c149afbf4c8996fb92427ae41e4649b934ca495991b7852b855,utf-8,clean,delivered_in_bundle,
03_tests_and_quality/tests_source/fixtures/normalized/broker_bar_canonical.json,stock_swing_review_export_mail_safe_part_001.txt,61340,61375,.json,617,5285ac0e0e930b38efa32b96d223991ed9b5b195fc7d0913125f8d636bb71b4a,utf-8,clean,delivered_in_bundle,
03_tests_and_quality/tests_source/fixtures/normalized/finnhub_basic_financials_canonical.json,stock_swing_review_export_mail_safe_part_001.txt,61376,61410,.json,616,af5130895835eac950672c516b3632d1c36eb4acdc93005c1bcd1766d8f70fe9,utf-8,clean,delivered_in_bundle,
03_tests_and_quality/tests_source/fixtures/normalized/finnhub_normalized_sample.json,stock_swing_review_export_mail_safe_part_001.txt,61411,61439,.json,416,0b33f1e6aeef14157d755a1c4e6e4657990111b4abf1e70e53c8ec117c9dc533,utf-8,clean,delivered_in_bundle,
03_tests_and_quality/tests_source/fixtures/normalized/fred_series_observation_canonical.json,stock_swing_review_export_mail_safe_part_001.txt,61440,61472,.json,603,9dcf5cfc2fe378cfc32de337d50025455d99b36ff78164a61f1308a041274c72,utf-8,clean,delivered_in_bundle,
03_tests_and_quality/tests_source/fixtures/raw/__init__.py,stock_swing_review_export_mail_safe_part_001.txt,61473,61483,.py,0,e3b0c44298fc1c149afbf4c8996fb92427ae41e4649b934ca495991b7852b855,utf-8,clean,delivered_in_bundle,
03_tests_and_quality/tests_source/fixtures/raw/broker_account_sample.json,stock_swing_review_export_mail_safe_part_001.txt,61484,61523,.json,827,ee0bbcc0c1170248cc072ab7463d9d6c1e32df5286c798edaef1f862925a60be,utf-8,clean,delivered_in_bundle,
03_tests_and_quality/tests_source/fixtures/raw/broker_bars_sample.json,stock_swing_review_export_mail_safe_part_001.txt,61524,61561,.json,490,99f7eae542e97a156a5356faa58100a50fc3eaac04e175e2c1ddaffa67a4c38c,utf-8,clean,delivered_in_bundle,
03_tests_and_quality/tests_source/fixtures/raw/broker_orders_sample.json,stock_swing_review_export_mail_safe_part_001.txt,61562,61608,.json,909,84669134a917cc4cb5ae6bad8faf10a574730f8f443c7d89f77c123b4ef3e8f6,utf-8,clean,delivered_in_bundle,
03_tests_and_quality/tests_source/fixtures/raw/broker_positions_sample.json,stock_swing_review_export_mail_safe_part_001.txt,61609,61639,.json,545,ae8f74880a3e120c2b76302396c15664d0e5fb1730850927f847036daccb76de,utf-8,clean,delivered_in_bundle,
03_tests_and_quality/tests_source/fixtures/raw/finnhub_basic_financials_sample.json,stock_swing_review_export_mail_safe_part_001.txt,61640,61668,.json,344,1af85c14459915e24e445994acb75e327fb06dbae9e7115e2fecf7c0bf1f6e40,utf-8,clean,delivered_in_bundle,
03_tests_and_quality/tests_source/fixtures/raw/finnhub_earnings_calendar_sample.json,stock_swing_review_export_mail_safe_part_001.txt,61669,61695,.json,330,0871f66ded04fa0d84451a7203f2718493e058b1ad24956947a218d07c00f61a,utf-8,clean,delivered_in_bundle,
03_tests_and_quality/tests_source/fixtures/raw/finnhub_filing_sentiment_sample.json,stock_swing_review_export_mail_safe_part_001.txt,61696,61729,.json,480,930000b18b13d119b9ad821fc85a138de6ec14d6ca76f67db29b95e6e733bdb2,utf-8,clean,delivered_in_bundle,
03_tests_and_quality/tests_source/fixtures/raw/finnhub_insider_transactions_sample.json,stock_swing_review_export_mail_safe_part_001.txt,61730,61765,.json,562,72c084e06afd94e35ce18527e2cc4e539a51cf5b805e83d97136aca2ccd03c2a,utf-8,clean,delivered_in_bundle,
03_tests_and_quality/tests_source/fixtures/raw/fred_series_info_sample.json,stock_swing_review_export_mail_safe_part_001.txt,61766,61800,.json,936,2aa3252306a497ad475740f3bfac09710bccbda1421f0f931373c5d435b5365a,utf-8,clean,delivered_in_bundle,
03_tests_and_quality/tests_source/fixtures/raw/fred_series_observations_sample.json,stock_swing_review_export_mail_safe_part_001.txt,61801,61846,.json,841,d9d1f54b4404c7684237cbe879d94baa1bda450effdd9fd3faec149fc2356a2a,utf-8,clean,delivered_in_bundle,
03_tests_and_quality/tests_source/fixtures/raw/sec_company_concept_sample.json,stock_swing_review_export_mail_safe_part_001.txt,61847,61900,.json,1330,51bb936b11a58a574bb602efb225a8005a7dbe4d69a40f4ecdefb936332d6989,utf-8,clean,delivered_in_bundle,
03_tests_and_quality/tests_source/fixtures/raw/sec_company_submissions_sample.json,stock_swing_review_export_mail_safe_part_001.txt,61901,61963,.json,1322,f8b2a770c997f87ff483eb3ee3900d292bd238acefd6b53160289334d4418494,utf-8,clean,delivered_in_bundle,
03_tests_and_quality/tests_source/integration/__init__.py,stock_swing_review_export_mail_safe_part_001.txt,61964,61974,.py,0,e3b0c44298fc1c149afbf4c8996fb92427ae41e4649b934ca495991b7852b855,utf-8,clean,delivered_in_bundle,
03_tests_and_quality/tests_source/integration/test_broker_integration.py,stock_swing_review_export_mail_safe_part_001.txt,61975,62119,.py,3962,8f15a19db4e05916353ab11af498eb8ef4e6e8988d7c02431a2177f62c9807e9,utf-8,clean,delivered_in_bundle,
03_tests_and_quality/tests_source/integration/test_finnhub_integration.py,stock_swing_review_export_mail_safe_part_001.txt,62120,62253,.py,3930,836f0508e921e4440c5b2a7da1c839151114511ef9474527c44a41a0b0f4189e,utf-8,clean,delivered_in_bundle,
03_tests_and_quality/tests_source/integration/test_fred_integration.py,stock_swing_review_export_mail_safe_part_001.txt,62254,62388,.py,3868,bf4f844a8bd389e459fc10c393933f94090889e9238c5bdeb8c2767f8b18fd5e,utf-8,clean,delivered_in_bundle,
03_tests_and_quality/tests_source/integration/test_ingestion_integration.py,stock_swing_review_export_mail_safe_part_001.txt,62389,62613,.py,6524,c2f9c0fdbb0c5371e51f421f8df01ae4b3b5277dbf82dea08032952c1caced89,utf-8,clean,delivered_in_bundle,
03_tests_and_quality/tests_source/integration/test_recommendation_workflow.py,stock_swing_review_export_mail_safe_part_001.txt,62614,62829,.py,7213,af1e695be61d2cab29ac884fe788b96ce293cf0af5b826d40ca7385668010e05,utf-8,clean,delivered_in_bundle,
03_tests_and_quality/tests_source/integration/test_sec_integration.py,stock_swing_review_export_mail_safe_part_001.txt,62830,62970,.py,3812,b905d206ea7413bfb3a554e777365a9e718d3ecd5f9c222b71878266e0c523bf,utf-8,clean,delivered_in_bundle,
03_tests_and_quality/tests_source/integration/test_storage_integration.py,stock_swing_review_export_mail_safe_part_001.txt,62971,63093,.py,3642,bee0d8de0c9bb1f7c019e2c592cdbeeb1eb52162a3f24315bd98b251755949db,utf-8,clean,delivered_in_bundle,
03_tests_and_quality/tests_source/test_console_services.py,stock_swing_review_export_mail_safe_part_001.txt,63094,63463,.py,13612,622ebf1fc1e8baa623ad7103765c18294dae8e1ff6b407cea8c11d717e9fb23b,utf-8,clean,delivered_in_bundle,
03_tests_and_quality/tests_source/unit/__init__.py,stock_swing_review_export_mail_safe_part_001.txt,63464,63474,.py,0,e3b0c44298fc1c149afbf4c8996fb92427ae41e4649b934ca495991b7852b855,utf-8,clean,delivered_in_bundle,
03_tests_and_quality/tests_source/unit/test_asset_class_breakdown.py,stock_swing_review_export_mail_safe_part_001.txt,63475,63649,.py,5710,765267f3f08b43945908b58a78f7da73cbe5d957384396a12202dd258af326e6,utf-8,clean,delivered_in_bundle,
03_tests_and_quality/tests_source/unit/test_asset_class_rebuild_integration.py,stock_swing_review_export_mail_safe_part_001.txt,63650,63935,.py,11528,659ae442ecf0108bb6eebc05b83fda2faf27e662121cf6fd429a42581f24489b,utf-8,clean,delivered_in_bundle,
03_tests_and_quality/tests_source/unit/test_audit_logger.py,stock_swing_review_export_mail_safe_part_001.txt,63936,64101,.py,4286,3428ba43b030203b7c6916c96ef68b8ce25a4995b443c728ebe04b17059f7258,utf-8,clean,delivered_in_bundle,
03_tests_and_quality/tests_source/unit/test_audit_trades_with_market_data.py,stock_swing_review_export_mail_safe_part_001.txt,64102,64166,.py,2158,41003863c605e1c819f4b787989ae6d38340df3b6cad87114e448c1e73464068,utf-8,clean,delivered_in_bundle,
03_tests_and_quality/tests_source/unit/test_backfill_daily_snapshots.py,stock_swing_review_export_mail_safe_part_001.txt,64167,64241,.py,1920,8727ba65a037fa395a23ae6ba5e8edc921bb8eec58f2ea6e7c6b5336f6de48d4,utf-8,clean,delivered_in_bundle,
03_tests_and_quality/tests_source/unit/test_backfill_open_trade_peak_prices.py,stock_swing_review_export_mail_safe_part_001.txt,64242,64586,.py,10929,8b57da7219a439e83f88ac7b7e9b380a5c94e68d4962f3409d79b8883043e8d9,utf-8,clean,delivered_in_bundle,
03_tests_and_quality/tests_source/unit/test_broker_client.py,stock_swing_review_export_mail_safe_part_001.txt,64587,64938,.py,10825,f0de1c3585b7848f0adbc6ac15a458640433d6348b2da40ad739f29919ad427d,utf-8,clean,delivered_in_bundle,
03_tests_and_quality/tests_source/unit/test_bucket_assigner.py,stock_swing_review_export_mail_safe_part_001.txt,64939,64986,.py,1101,b9aec9c0fd1344eb226c38225f098f5f8e52ecd2554c24a89e3f4dc1fb4e56a8,utf-8,clean,delivered_in_bundle,
03_tests_and_quality/tests_source/unit/test_buy_stop_list.py,stock_swing_review_export_mail_safe_part_001.txt,64987,65213,.py,8781,d256fb80322e05ae6a17876ac7324b5dfb77bd1355d30e7b0b38b06d19ab766e,utf-8,clean,delivered_in_bundle,
03_tests_and_quality/tests_source/unit/test_check_cron_health.py,stock_swing_review_export_mail_safe_part_001.txt,65214,65267,.py,1553,50668781a8fc0e2b582e95117ce13defa05a52dfcd22900635533c8d66424a47,utf-8,clean,delivered_in_bundle,
03_tests_and_quality/tests_source/unit/test_circuit_breaker.py,stock_swing_review_export_mail_safe_part_001.txt,65268,65485,.py,7850,c23a6780df167f16db1818d17676932c6df578c07560b75f1a30faf071e0a86b,utf-8,clean,delivered_in_bundle,
03_tests_and_quality/tests_source/unit/test_config_loader.py,stock_swing_review_export_mail_safe_part_001.txt,65486,65545,.py,1553,24dbb396ff75866a556fea622db41f495f5ea7c933334c01f83107952edfe8f2,utf-8,clean,delivered_in_bundle,
03_tests_and_quality/tests_source/unit/test_console_halt_visibility.py,stock_swing_review_export_mail_safe_part_001.txt,65546,65814,.py,10082,30caf705a051855633016a4bc1824903c60e3744b8d12e102024de6fc10b447a,utf-8,clean,delivered_in_bundle,
03_tests_and_quality/tests_source/unit/test_console_renderer.py,stock_swing_review_export_mail_safe_part_001.txt,65815,66074,.py,7842,754a03dd119f6dcc0b3fa979f94d2fdbc806a3490a1e6374fe87c9916b54b599,utf-8,clean,delivered_in_bundle,
03_tests_and_quality/tests_source/unit/test_console_self_check_service.py,stock_swing_review_export_mail_safe_part_001.txt,66075,66145,.py,2339,3aeee2ee2a1f5946eb29c2ca1653a048ab65a2b958a85ef6ebaab09e45f798e8,utf-8,clean,delivered_in_bundle,
03_tests_and_quality/tests_source/unit/test_console_summary.py,stock_swing_review_export_mail_safe_part_001.txt,66146,66385,.py,7440,752444e52e685dcb900f86465b80b901433652431a8fb7b8c9be85cc2508d723,utf-8,clean,delivered_in_bundle,
03_tests_and_quality/tests_source/unit/test_context_packs.py,stock_swing_review_export_mail_safe_part_001.txt,66386,66476,.py,2498,25f7d355d725ef1f05330d52e35066901c5de272a29b9d43e1f0842a9a910495,utf-8,clean,delivered_in_bundle,
03_tests_and_quality/tests_source/unit/test_correlation_cluster.py,stock_swing_review_export_mail_safe_part_001.txt,66477,66558,.py,2240,6edf9ca267cf5a0634d5bc721a0394742500e1aecb89ffc9f8288de581bf7b7b,utf-8,clean,delivered_in_bundle,
03_tests_and_quality/tests_source/unit/test_cron_summary_outputs.py,stock_swing_review_export_mail_safe_part_001.txt,66559,66639,.py,2015,f35b949685b56803b143c21f3ee90365ac705b08832bfe6954ab09dfea7a2221,utf-8,clean,delivered_in_bundle,
03_tests_and_quality/tests_source/unit/test_daily_report.py,stock_swing_review_export_mail_safe_part_001.txt,66640,66871,.py,7442,e2772eb96da483e6ccc31ab9940c13d40219e2fd700004e13b6737568d3e157f,utf-8,clean,delivered_in_bundle,
03_tests_and_quality/tests_source/unit/test_daily_snapshot_pf_wr.py,stock_swing_review_export_mail_safe_part_001.txt,66872,67033,.py,6309,01c806d262c5bc42d71d76c3977092154a260c16e393f409353add4635be1515,utf-8,clean,delivered_in_bundle,
03_tests_and_quality/tests_source/unit/test_dashboard_service.py,stock_swing_review_export_mail_safe_part_001.txt,67034,67340,.py,12963,e4ab62d56f8593817ae1fd690f352e39c192c92341b057721c386820c85af488,utf-8,clean,delivered_in_bundle,
03_tests_and_quality/tests_source/unit/test_decision_engine.py,stock_swing_review_export_mail_safe_part_001.txt,67341,67611,.py,8372,f8532f4152f72d40dd3ed9db174b1eb7e493891aff2a57efc09fee5141e0b6d5,utf-8,clean,delivered_in_bundle,
03_tests_and_quality/tests_source/unit/test_entry_filter.py,stock_swing_review_export_mail_safe_part_001.txt,67612,68040,.py,14319,ee47cd9d149a9ae3b661ac08c3a72ad93cc5f4890480fccee153d3ebd49c97e5,utf-8,clean,delivered_in_bundle,
03_tests_and_quality/tests_source/unit/test_entry_signal_strength.py,stock_swing_review_export_mail_safe_part_001.txt,68041,68424,.py,15369,911abf2b5aa9b1bb8b9cbaac1d1a380aeca33ce05fe79f86750642e3e01d0030,utf-8,clean,delivered_in_bundle,
03_tests_and_quality/tests_source/unit/test_exit_reason_store.py,stock_swing_review_export_mail_safe_part_001.txt,68425,68529,.py,3380,f4df8c9e553e16898193d1728ea9269e579bf006e5ed46c884fde89d6468a41d,utf-8,clean,delivered_in_bundle,
03_tests_and_quality/tests_source/unit/test_exit_reason_survives_to_closed_trade.py,stock_swing_review_export_mail_safe_part_001.txt,68530,68849,.py,11884,61a8810ec879b9729c8f6237f50860556c4daf6e845cfc8ecd51a4ed7a2a123d,utf-8,clean,delivered_in_bundle,
03_tests_and_quality/tests_source/unit/test_experiment_context.py,stock_swing_review_export_mail_safe_part_001.txt,68850,68912,.py,1575,fae5940e2c9859f6ef942a523df4bf541eec497b1e1881e1aa1f4ec7e49ff41e,utf-8,clean,delivered_in_bundle,
03_tests_and_quality/tests_source/unit/test_experiment_performance_report.py,stock_swing_review_export_mail_safe_part_001.txt,68913,68949,.py,1082,31ebed3545f24444e1da9f5a76a72a5fc823a9ed2c03864be00b37fa1b0d2a09,utf-8,clean,delivered_in_bundle,
03_tests_and_quality/tests_source/unit/test_experiment_registry.py,stock_swing_review_export_mail_safe_part_001.txt,68950,68998,.py,1323,99b97a13c79495cec296f6b86f4ca4af4ff655d00400e586a59011fa9b246253,utf-8,clean,delivered_in_bundle,
03_tests_and_quality/tests_source/unit/test_f1_ledger_integrity.py,stock_swing_review_export_mail_safe_part_001.txt,68999,69137,.py,5082,bd36f63ebd7539756461896288201e85822792b19a5aabf74d91533e830d0a9d,utf-8,clean,delivered_in_bundle,
03_tests_and_quality/tests_source/unit/test_f2_guardrail_mismatch.py,stock_swing_review_export_mail_safe_part_001.txt,69138,69274,.py,4990,a22d9ed72e3736c6e1893f2967eb32cac420bea52b766bc3955de1cd3da60472,utf-8,clean,delivered_in_bundle,
03_tests_and_quality/tests_source/unit/test_f3_exit_reason_atomic.py,stock_swing_review_export_mail_safe_part_001.txt,69275,69362,.py,2559,cf1b4609ba32f463acaa3786b8fb8f519a164b2b3a5c4e0ce928ba55b6e958c9,utf-8,clean,delivered_in_bundle,
03_tests_and_quality/tests_source/unit/test_f4_durable_metadata.py,stock_swing_review_export_mail_safe_part_001.txt,69363,69490,.py,3619,919973a8dfcb8ea185ef79acbc7ce8b3dc1508fea35d847003abc3ad104ea4d6,utf-8,clean,delivered_in_bundle,
03_tests_and_quality/tests_source/unit/test_f7_sector_shock_hold.py,stock_swing_review_export_mail_safe_part_001.txt,69491,69895,.py,15850,3ad0570ee0fb95dc2f76aa680671289213fdd1775f435f2fad9495556c1e3ebf,utf-8,clean,delivered_in_bundle,
03_tests_and_quality/tests_source/unit/test_feature_snapshot_store.py,stock_swing_review_export_mail_safe_part_001.txt,69896,69951,.py,1294,6dc13e8e026b7f12b9076904f7a9bd95c4d53284afc949a5eae51fd95fa3d252,utf-8,clean,delivered_in_bundle,
03_tests_and_quality/tests_source/unit/test_features.py,stock_swing_review_export_mail_safe_part_001.txt,69952,70223,.py,8054,3eb620dea9a817247a9da5d0e2fa240fec535c8a40173065db303a9be7f810b5,utf-8,clean,delivered_in_bundle,
03_tests_and_quality/tests_source/unit/test_finnhub_client.py,stock_swing_review_export_mail_safe_part_001.txt,70224,70535,.py,9833,bcab2f34e3a4d3b3810bd2a0792cf2fab44ef97cbe9215725ef8824db9bcceb4,utf-8,clean,delivered_in_bundle,
03_tests_and_quality/tests_source/unit/test_fix_stale_broker_prices.py,stock_swing_review_export_mail_safe_part_001.txt,70536,70661,.py,4061,6d49f11c8ee613589970b643a160b8fab32b3b0463ffd496b45dbcf7e78cf4a3,utf-8,clean,delivered_in_bundle,
03_tests_and_quality/tests_source/unit/test_flatten_plan.py,stock_swing_review_export_mail_safe_part_001.txt,70662,70720,.py,1460,e891f82b7b0a7450c56884fb7d84b35449c587da28ea57b51f3a0098920cf595,utf-8,clean,delivered_in_bundle,
03_tests_and_quality/tests_source/unit/test_fred_client.py,stock_swing_review_export_mail_safe_part_001.txt,70721,71058,.py,10885,6e3a89188470a7883d20a64b0f32989a685b43a4b39d47c9ef98d759da5ea0b0,utf-8,clean,delivered_in_bundle,
03_tests_and_quality/tests_source/unit/test_g1v2_postrun_lag_exclusion.py,stock_swing_review_export_mail_safe_part_001.txt,71059,71424,.py,15598,1f14e8a49b8d6928a90ba92bbde928d534b2e1783bec584b4c962befd7dc4172,utf-8,clean,delivered_in_bundle,
03_tests_and_quality/tests_source/unit/test_guardrail_rule_engine.py,stock_swing_review_export_mail_safe_part_001.txt,71425,71487,.py,1934,44682cc4cd193a71b6ba82624f14708c159711a87ef76ca0dba9131ab61823e4,utf-8,clean,delivered_in_bundle,
03_tests_and_quality/tests_source/unit/test_guardrail_service.py,stock_swing_review_export_mail_safe_part_001.txt,71488,71583,.py,3650,b2232720841bc45128dcdd6c570c411b7a9ecc1f19d094afcafe3f110522bafc,utf-8,clean,delivered_in_bundle,
03_tests_and_quality/tests_source/unit/test_h5_allocation_unification.py,stock_swing_review_export_mail_safe_part_001.txt,71584,72138,.py,24299,317ecac48c860ce53e7c6c570d7a1da862638392d0966c5555b647b616cf48ce,utf-8,clean,delivered_in_bundle,
03_tests_and_quality/tests_source/unit/test_incident_replay_klac.py,stock_swing_review_export_mail_safe_part_001.txt,72139,72242,.py,3270,9d548a2214b3c08a0e6e582fa6f736ec18f8ec5fd1e481595911f11247c34281,utf-8,clean,delivered_in_bundle,
03_tests_and_quality/tests_source/unit/test_kill_switch.py,stock_swing_review_export_mail_safe_part_001.txt,72243,72356,.py,2941,07174d44b45700638370af96c62f1203ffe0716ded4e88891ad52a434fdc4fae,utf-8,clean,delivered_in_bundle,
03_tests_and_quality/tests_source/unit/test_live_guarded_executor.py,stock_swing_review_export_mail_safe_part_001.txt,72357,72661,.py,9096,a6dff660299fedf653c2eb17f85f4b3486003275c7cc0123ffad1480baac845d,utf-8,clean,delivered_in_bundle,
03_tests_and_quality/tests_source/unit/test_market_calendar_regular_hours.py,stock_swing_review_export_mail_safe_part_001.txt,72662,72794,.py,5574,f7ae1bac1c5b9acd4eb045208298ef5466e0152a4607f378e4c9580946988368,utf-8,clean,delivered_in_bundle,
03_tests_and_quality/tests_source/unit/test_massive_client.py,stock_swing_review_export_mail_safe_part_001.txt,72795,72874,.py,2211,c2bd24ec3e73fd12655ee5a47d842a13a5a01c76bf3b366501ad1a8775e1a8c6,utf-8,clean,delivered_in_bundle,
03_tests_and_quality/tests_source/unit/test_normalizers.py,stock_swing_review_export_mail_safe_part_001.txt,72875,73060,.py,5319,fc4e0fafe47eee649c65b865053c17915b79b38afaa1b7b58ab8d760ab7641c1,utf-8,clean,delivered_in_bundle,
03_tests_and_quality/tests_source/unit/test_open_position_signal_summary.py,stock_swing_review_export_mail_safe_part_001.txt,73061,73337,.py,10278,06463a714f334a51a8521f9d9f9d64cff600c829eb5288059f38adea9736d6d0,utf-8,clean,delivered_in_bundle,
03_tests_and_quality/tests_source/unit/test_open_shock_cooldown.py,stock_swing_review_export_mail_safe_part_001.txt,73338,73520,.py,5156,fa9a97936f27f0d9a46270df6ee6721b90df34303cf53ae998805f6ab5be132e,utf-8,clean,delivered_in_bundle,
03_tests_and_quality/tests_source/unit/test_openclaw_adapter.py,stock_swing_review_export_mail_safe_part_001.txt,73521,73865,.py,10642,06e4414329d6fd3640956088294292c6f1a7a0dac30a2635e74780dc7156f3fa,utf-8,clean,delivered_in_bundle,
03_tests_and_quality/tests_source/unit/test_p0c_p0d.py,stock_swing_review_export_mail_safe_part_001.txt,73866,74022,.py,4927,24b6c966eb253625d92150ad7a83dd9f2094bd4a98957e3cd790f71d738d813c,utf-8,clean,delivered_in_bundle,
03_tests_and_quality/tests_source/unit/test_p1a_p1b.py,stock_swing_review_export_mail_safe_part_001.txt,74023,74066,.py,1170,0a42564f178ae84313d870f7211c5ca453cacccc91adcef648419e2296040224,utf-8,clean,delivered_in_bundle,
03_tests_and_quality/tests_source/unit/test_p1c_backfill.py,stock_swing_review_export_mail_safe_part_001.txt,74067,74131,.py,1523,e8ccb6f551042bbcbb90d6c8664d27316453a41aecc1d3d9c4183d9a794ae4f9,utf-8,clean,delivered_in_bundle,
03_tests_and_quality/tests_source/unit/test_p1d_outcomes.py,stock_swing_review_export_mail_safe_part_001.txt,74132,74172,.py,1018,10e2c65f42983098bda9f18d7db845fc7709701e9f99e10cbd0a26e7d53a65ba,utf-8,clean,delivered_in_bundle,
03_tests_and_quality/tests_source/unit/test_p2a_p2b.py,stock_swing_review_export_mail_safe_part_001.txt,74173,74347,.py,5414,5aec1403ac3a740b851145852edc3202db7e58147603bc2d918088afc2cdd99f,utf-8,clean,delivered_in_bundle,
03_tests_and_quality/tests_source/unit/test_paper_demo_intraday_selection.py,stock_swing_review_export_mail_safe_part_001.txt,74348,74478,.py,3992,ab78ed60b262fa583abc420c6dcbc591ef24970686beca689d5eb5bc9d8095eb,utf-8,clean,delivered_in_bundle,
03_tests_and_quality/tests_source/unit/test_paper_executor.py,stock_swing_review_export_mail_safe_part_001.txt,74479,74738,.py,7900,eaa6ab378cba002df9d60b5dc850edbad5a9fc7d2be28b599e28eeec12895714,utf-8,clean,delivered_in_bundle,
03_tests_and_quality/tests_source/unit/test_parameter_engine.py,stock_swing_review_export_mail_safe_part_001.txt,74739,75009,.py,8603,5b5cad9e618943b0b8b20bb66a9e3a52d80bb0144776650acd58600798be94f4,utf-8,clean,delivered_in_bundle,
03_tests_and_quality/tests_source/unit/test_path_manager.py,stock_swing_review_export_mail_safe_part_001.txt,75010,75029,.py,258,4d6ea06ce7b8fe0e87068b45fe1a28c4863cbbd867b5fcb7f30398a9517e69f6,utf-8,clean,delivered_in_bundle,
03_tests_and_quality/tests_source/unit/test_path_manager_extended.py,stock_swing_review_export_mail_safe_part_001.txt,75030,75092,.py,1742,01470ae0a21c0d45d23ed9f4a45fbdea27c3d3288d2197bf8e562d54227d47b7,utf-8,clean,delivered_in_bundle,
03_tests_and_quality/tests_source/unit/test_performance_breakdown_service.py,stock_swing_review_export_mail_safe_part_001.txt,75093,75203,.py,3762,881956984d6b7947a90f964e6a3bbf4ab22201da17b00b00ca4637e94caf5d54,utf-8,clean,delivered_in_bundle,
03_tests_and_quality/tests_source/unit/test_performance_snapshot.py,stock_swing_review_export_mail_safe_part_001.txt,75204,75400,.py,6932,13b05c03e54ad45c496490dfa265ae9d971579e07f763bf71f04076c9ad78c0a,utf-8,clean,delivered_in_bundle,
03_tests_and_quality/tests_source/unit/test_pnl_tracker_atomic.py,stock_swing_review_export_mail_safe_part_001.txt,75401,75456,.py,1319,97b315c1fe6e4f1d1fbcda111fdc30f2b0a3b327c64ba1e018b943ed29f0a00d,utf-8,clean,delivered_in_bundle,
03_tests_and_quality/tests_source/unit/test_pnl_tracker_exit_context.py,stock_swing_review_export_mail_safe_part_001.txt,75457,75583,.py,3609,37753a3c055f85ef9fb09b942e5a20d82db42761a433d0654c7a2fe218f1b5eb,utf-8,clean,delivered_in_bundle,
03_tests_and_quality/tests_source/unit/test_position_risk_service.py,stock_swing_review_export_mail_safe_part_001.txt,75584,75693,.py,3984,70cf9ed8745b2e334d8d08c96d83a6d2f8ab3dd299b20bd6ff2ab6ec1b0f91b9,utf-8,clean,delivered_in_bundle,
03_tests_and_quality/tests_source/unit/test_position_sizing_policy.py,stock_swing_review_export_mail_safe_part_001.txt,75694,75765,.py,1956,91dd1f805931cfb420f00f86563a11568ee56812c66ed29ae6a35d18dd839d8d,utf-8,clean,delivered_in_bundle,
03_tests_and_quality/tests_source/unit/test_pre_trade_check.py,stock_swing_review_export_mail_safe_part_001.txt,75766,75853,.py,2862,65f57add899d87e23ea4cd3adb4998224dc145ca50d8c701dc8bb140543a21cb,utf-8,clean,delivered_in_bundle,
03_tests_and_quality/tests_source/unit/test_price_resolver.py,stock_swing_review_export_mail_safe_part_001.txt,75854,75946,.py,3226,d0fae7c74573535ceb72d2376b0f8d1a3d48ec0d14ddbf433cddadfe7c1de8a7,utf-8,clean,delivered_in_bundle,
03_tests_and_quality/tests_source/unit/test_production_executor.py,stock_swing_review_export_mail_safe_part_001.txt,75947,76183,.py,6921,05438970b81890b1ef30f61ed1dbfdc99a9aad8e5ea4d49f9834c26fbc320327,utf-8,clean,delivered_in_bundle,
03_tests_and_quality/tests_source/unit/test_prompt_registry.py,stock_swing_review_export_mail_safe_part_001.txt,76184,76216,.py,861,6329f77acf3ba800c03531d401a34a7b57df265a0f713a5245f2ef6cb038bb36,utf-8,clean,delivered_in_bundle,
03_tests_and_quality/tests_source/unit/test_r0_r1_r2.py,stock_swing_review_export_mail_safe_part_001.txt,76217,76325,.py,3517,a7a93cc209ed81ca56d7956d8d268fd3adec84a7ac7552030296ca86fff7557e,utf-8,clean,delivered_in_bundle,
03_tests_and_quality/tests_source/unit/test_r0v2b_code.py,stock_swing_review_export_mail_safe_part_001.txt,76326,76667,.py,15794,a50cc4350084065e0fe3e24d5fd8069e153e05f240b051fbba3c9733b81e793f,utf-8,clean,delivered_in_bundle,
03_tests_and_quality/tests_source/unit/test_r0v2c_guardrail.py,stock_swing_review_export_mail_safe_part_001.txt,76668,76948,.py,12814,68205212a4d11dca3b8996e38443f840cee766579806a948c50a5e081182eb5c,utf-8,clean,delivered_in_bundle,
03_tests_and_quality/tests_source/unit/test_r0v2d_metadata.py,stock_swing_review_export_mail_safe_part_001.txt,76949,77127,.py,8007,afd83b20bb3267fd4f562434354321b09b791973550bbd3632bb93f807d1a3af,utf-8,clean,delivered_in_bundle,
03_tests_and_quality/tests_source/unit/test_r1v2_rebuild_idempotency.py,stock_swing_review_export_mail_safe_part_001.txt,77128,77497,.py,15765,d7c11e40ad93a23f00ac4bf2ff16810d31a421c089cbb079fd6c51ce9721d835,utf-8,clean,delivered_in_bundle,
03_tests_and_quality/tests_source/unit/test_r6v2_console.py,stock_swing_review_export_mail_safe_part_001.txt,77498,77728,.py,9571,2f70d8a459fe5f2a342af0f01cb8127f1313157c75061ad96bff2748c5e0d7a0,utf-8,clean,delivered_in_bundle,
03_tests_and_quality/tests_source/unit/test_r6v2_mtime_cache.py,stock_swing_review_export_mail_safe_part_001.txt,77729,77962,.py,8229,7d83e9382109b77068dc446a555d43e09e9b7f7d435bb717644daf5242846f84,utf-8,clean,delivered_in_bundle,
03_tests_and_quality/tests_source/unit/test_r7v2_market_guard.py,stock_swing_review_export_mail_safe_part_001.txt,77963,78226,.py,11394,0a179fee5281106e1e660a184a904f64f428f6651c2d66c103b8e21a10b323e7,utf-8,clean,delivered_in_bundle,
03_tests_and_quality/tests_source/unit/test_raw_ingestor.py,stock_swing_review_export_mail_safe_part_001.txt,78227,78536,.py,9420,273b0816108204a11e8276fd7138bf89e24537b63a2eb0631a8072660ee51a41,utf-8,clean,delivered_in_bundle,
03_tests_and_quality/tests_source/unit/test_rebuild_pnl_state_script.py,stock_swing_review_export_mail_safe_part_001.txt,78537,78845,.py,12183,257c04422f0fb1f5ed178f7719343ef8b9c945e120002a8f9eb62820a72ae56c,utf-8,clean,delivered_in_bundle,
03_tests_and_quality/tests_source/unit/test_recommendation_reporting.py,stock_swing_review_export_mail_safe_part_001.txt,78846,78978,.py,4305,5b204260a881a4ec15e403ba9b805a2e6d0bf5b4f9d169e893933897d7f39f12,utf-8,clean,delivered_in_bundle,
03_tests_and_quality/tests_source/unit/test_reconcile_orders.py,stock_swing_review_export_mail_safe_part_001.txt,78979,79617,.py,25703,34f136a39c4bcd174f1fc814218f8c4599a455e0e727fdba3a3507fc2947700f,utf-8,clean,delivered_in_bundle,
03_tests_and_quality/tests_source/unit/test_reconcile_stale_entry.py,stock_swing_review_export_mail_safe_part_001.txt,79618,79739,.py,3571,44e636f2f864c54da79e6715e143069213f99a62809297048cb27386afaa7863,utf-8,clean,delivered_in_bundle,
03_tests_and_quality/tests_source/unit/test_reconciler.py,stock_swing_review_export_mail_safe_part_001.txt,79740,79923,.py,5110,ca6d8aff6878cec04250c7ce33c8b3c021f30a4f24bed3ad6d49f43cb976dfad,utf-8,clean,delivered_in_bundle,
03_tests_and_quality/tests_source/unit/test_remote_readonly_app.py,stock_swing_review_export_mail_safe_part_001.txt,79924,80078,.py,5278,484c5cb6fcc0e3bc6c0bb5b30d2978f41656c4565d89bf2e169264993f7a32e5,utf-8,clean,delivered_in_bundle,
03_tests_and_quality/tests_source/unit/test_retry.py,stock_swing_review_export_mail_safe_part_001.txt,80079,80266,.py,5376,293b16b6fd8861803ad945e957d703512b5ea22ac8f5c0df29b8bc2c6fb272d4,utf-8,clean,delivered_in_bundle,
03_tests_and_quality/tests_source/unit/test_risk_budget.py,stock_swing_review_export_mail_safe_part_001.txt,80267,80442,.py,7053,3c898fee88320924ed71ec2aa164c086bdc0044f88c71671ca0e351a52a1be7b,utf-8,clean,delivered_in_bundle,
03_tests_and_quality/tests_source/unit/test_run_context.py,stock_swing_review_export_mail_safe_part_001.txt,80443,80491,.py,1288,7c8814d9600854318fb55d80bf15db38c9313b00d0e4e948b972c8fab32e9210,utf-8,clean,delivered_in_bundle,
03_tests_and_quality/tests_source/unit/test_runtime.py,stock_swing_review_export_mail_safe_part_001.txt,80492,80621,.py,4559,d193f027cb54a472ae81489fe217dfe4471a5f14c71a491f8f9ea0d133c5b712,utf-8,clean,delivered_in_bundle,
03_tests_and_quality/tests_source/unit/test_runtime_mode.py,stock_swing_review_export_mail_safe_part_001.txt,80622,80696,.py,2287,4eec40e43c58ee461876dfb5509fc4b24342488f29ac4347fa3e45866d7ff3e7,utf-8,clean,delivered_in_bundle,
03_tests_and_quality/tests_source/unit/test_safe_ranges.py,stock_swing_review_export_mail_safe_part_001.txt,80697,80863,.py,5282,e64105c681c01916fd350787f503e59cd0374162ed637c8f28a8995083c0aa78,utf-8,clean,delivered_in_bundle,
03_tests_and_quality/tests_source/unit/test_sec_client.py,stock_swing_review_export_mail_safe_part_001.txt,80864,81146,.py,8957,2f657cbd320e1458f08f6ff20348a3d3cbe9cd6a771721cd1d37df2762d6faf2,utf-8,clean,delivered_in_bundle,
03_tests_and_quality/tests_source/unit/test_secret_scan.py,stock_swing_review_export_mail_safe_part_001.txt,81147,81191,.py,1146,76e3bf9146742cbc03802fafb89e44f835bd3a39cb9d8da45e6e415bbe1bbefe,utf-8,clean,delivered_in_bundle,
03_tests_and_quality/tests_source/unit/test_sector_shock_per_symbol_benchmark.py,stock_swing_review_export_mail_safe_part_001.txt,81192,81447,.py,10853,454852a1d81c469b2d5d3e448a6694e30b24de015ef4b21aa355d2a0bd84ef21,utf-8,clean,delivered_in_bundle,
03_tests_and_quality/tests_source/unit/test_sell_exit_flow.py,stock_swing_review_export_mail_safe_part_001.txt,81448,81835,.py,12794,40a56b1dd794d1367a33bd5439405e64be590165e0b0d47543ef3a64e74aa395,utf-8,clean,delivered_in_bundle,
03_tests_and_quality/tests_source/unit/test_signal_prioritization_v2.py,stock_swing_review_export_mail_safe_part_001.txt,81836,82016,.py,5102,f2c1bd87086150b8a48c74dd7541aa6dd8b058c1068e24719dfbad42b473590c,utf-8,clean,delivered_in_bundle,
03_tests_and_quality/tests_source/unit/test_simple_exit_v2_strategy.py,stock_swing_review_export_mail_safe_part_001.txt,82017,82892,.py,34009,1cf99ec27746c2439bf9b684748fce1cfafe218285847b17dd279c420b7ef253,utf-8,clean,delivered_in_bundle,
03_tests_and_quality/tests_source/unit/test_source_base.py,stock_swing_review_export_mail_safe_part_001.txt,82893,83020,.py,3758,3e25a23f31d08e1fad69a1b22724d32e7c18b92b51bf635c72bea7d4695abcc0,utf-8,clean,delivered_in_bundle,
03_tests_and_quality/tests_source/unit/test_source_errors.py,stock_swing_review_export_mail_safe_part_001.txt,83021,83131,.py,2897,b947047a49bc03e004abfb39402e21fe2e4d68a362d3bd596403a573ca155f10,utf-8,clean,delivered_in_bundle,
03_tests_and_quality/tests_source/unit/test_stage_store.py,stock_swing_review_export_mail_safe_part_001.txt,83132,83317,.py,5653,ccf7936703d1d6b32c24875b2772c45cc89db941ededf73a703d5f365ff418ce,utf-8,clean,delivered_in_bundle,
03_tests_and_quality/tests_source/unit/test_stale_price.py,stock_swing_review_export_mail_safe_part_001.txt,83318,83378,.py,1725,5f44af8642b141b5a804b14f3131c80d063ac0774f21c5ed8b362803fc72a4a3,utf-8,clean,delivered_in_bundle,
03_tests_and_quality/tests_source/unit/test_stale_price_data.py,stock_swing_review_export_mail_safe_part_001.txt,83379,83603,.py,7079,0d72f1f56e7dbea0368e7245d2b2c5d35f27d49ab726a3a88cf5243e7a63e620,utf-8,clean,delivered_in_bundle,
03_tests_and_quality/tests_source/unit/test_strategies.py,stock_swing_review_export_mail_safe_part_001.txt,83604,83883,.py,7625,8447dea12ef16806a86ebb3177892e9e05d85cead55e6eeddb673e20356d1b60,utf-8,clean,delivered_in_bundle,
03_tests_and_quality/tests_source/unit/test_trade_attribution.py,stock_swing_review_export_mail_safe_part_001.txt,83884,83926,.py,990,2b021fcd4aae96f7487f56d0dbf487d634d1902b62d5e23dbcabf904ec505a7b,utf-8,clean,delivered_in_bundle,
03_tests_and_quality/tests_source/unit/test_trade_event_store.py,stock_swing_review_export_mail_safe_part_001.txt,83927,83996,.py,2110,2edbf78cf37e925a822f077ac936ad653cbff2ef6893cf6b5739e84544aceb5d,utf-8,clean,delivered_in_bundle,
03_tests_and_quality/tests_source/unit/test_walkforward_exit.py,stock_swing_review_export_mail_safe_part_001.txt,83997,84043,.py,1554,1ee9a9cf45220b87dde5becf829d208c9672a5dceae128809b0f6f0a672d7ebc,utf-8,clean,delivered_in_bundle,
03_tests_and_quality/tests_source/unit/test_weekend_gap_guard.py,stock_swing_review_export_mail_safe_part_001.txt,84044,84088,.py,1213,c3719073b702584f01ed7f715ecfe6ad2aac7e6f772e3e7739fb05c7985bf6f4,utf-8,clean,delivered_in_bundle,
04_runtime_and_operations/2026-07-22.md,stock_swing_review_export_mail_safe_part_001.txt,84089,84334,.md,8784,069737f7123594b20d2d469d4d24dce85258f0bb90d4890078f29b84e9e0bc3b,utf-8,clean,delivered_in_bundle,
04_runtime_and_operations/2026-07-23.md,stock_swing_review_export_mail_safe_part_001.txt,84335,84456,.md,4591,0428d3db6a11f2b79102a0c2fb8df53428dcccca8ab8e36f596e4c45f2a53ef7,utf-8,clean,delivered_in_bundle,
04_runtime_and_operations/2026-07-25.md,stock_swing_review_export_mail_safe_part_001.txt,84457,84565,.md,3411,cbc9efc8373e38b1856fcf0f591b5f9e8ba91841ea2402aa7821bcbce620a774,utf-8,clean,delivered_in_bundle,
04_runtime_and_operations/2026-07-27.md,stock_swing_review_export_mail_safe_part_001.txt,84566,84660,.md,3158,777e7a0620900ec624c39b4c818b3d8ad92fb19d4bffdb3997251d30f2001bfc,utf-8,clean,delivered_in_bundle,
04_runtime_and_operations/2026-07-28.md,stock_swing_review_export_mail_safe_part_001.txt,84661,84835,.md,7413,b4318c174092977afb21d068b417129c8d7cc9d3a3592722de4ac1fbbff9c6dd,utf-8,clean,delivered_in_bundle,
04_runtime_and_operations/2026-07-29.md,stock_swing_review_export_mail_safe_part_001.txt,84836,84961,.md,4060,6156e803922b381c8f1cc63de671d1ee41bccfceb347600b00b8bb5f9d5662fe,utf-8,clean,delivered_in_bundle,
04_runtime_and_operations/STATUS.md,stock_swing_review_export_mail_safe_part_001.txt,84962,85275,.md,7041,a3b8053ff576566e06787815a4df814d1bc31e0c040fb8a1dfd702ef66596ab2,utf-8,clean,delivered_in_bundle,
04_runtime_and_operations/circuit_breaker.halted_backup_20260713_023957.json,stock_swing_review_export_mail_safe_part_001.txt,85276,85306,.json,444,7ab7a091c624530c628c9745dede432925af1f542ca9fd2dfd0cab3cc24933da,utf-8,clean,delivered_in_bundle,
04_runtime_and_operations/circuit_breaker.halted_backup_20260714_000746.json,stock_swing_review_export_mail_safe_part_001.txt,85307,85346,.json,660,efd7055736d1b9831643dcbef4b71af074dbfb3a5d196a0fcacc646eb5b815e0,utf-8,clean,delivered_in_bundle,
04_runtime_and_operations/circuit_breaker.halted_backup_20260725_004144.json,stock_swing_review_export_mail_safe_part_001.txt,85347,85377,.json,444,c75849e021ae90f28ab76655955bb62d0809daf17768db94bbb859aa9b870574,utf-8,clean,delivered_in_bundle,
04_runtime_and_operations/circuit_breaker.json,stock_swing_review_export_mail_safe_part_001.txt,85378,85388,.json,605,ed3688a5823272c4c804eec698f6345e4df39c890358652eb1f04a4dd7b1af02,utf-8,clean,delivered_in_bundle,
04_runtime_and_operations/console_http_log_tail2000.txt,stock_swing_review_export_mail_safe_part_001.txt,85389,85399,.txt,0,e3b0c44298fc1c149afbf4c8996fb92427ae41e4649b934ca495991b7852b855,utf-8,clean,delivered_in_bundle,
04_runtime_and_operations/console_latest.log,stock_swing_review_export_mail_safe_part_001.txt,85400,85410,.log,0,e3b0c44298fc1c149afbf4c8996fb92427ae41e4649b934ca495991b7852b855,utf-8,clean,delivered_in_bundle,
04_runtime_and_operations/console_log_tail2000.txt,stock_swing_review_export_mail_safe_part_001.txt,85411,85421,.txt,0,e3b0c44298fc1c149afbf4c8996fb92427ae41e4649b934ca495991b7852b855,utf-8,clean,delivered_in_bundle,
04_runtime_and_operations/cron_definitions_note.md,stock_swing_review_export_mail_safe_part_001.txt,85422,85441,.md,411,2bfde44d345b1412873a4652ba3a6bca34cffd55d20b31cf1702b80762f35f88,utf-8,clean,delivered_in_bundle,
04_runtime_and_operations/daily_logs_inventory.txt,stock_swing_review_export_mail_safe_part_001.txt,85442,85506,.txt,771,6a9e23f1a71db19fd501d6cd02ddc17337b15a7ce86b1ad53f79eb0563f6ea74,utf-8,clean,delivered_in_bundle,
04_runtime_and_operations/logs_inventory.txt,stock_swing_review_export_mail_safe_part_001.txt,85507,85979,.txt,44488,960f82b86e5b3a6f02c1f0ee5789292f1319cd38da3ad8a1f8e972701c117013,utf-8,clean,delivered_in_bundle,
04_runtime_and_operations/risk_monitor_state.json,stock_swing_review_export_mail_safe_part_001.txt,85980,85997,.json,180,e25613603704d78d6681b1fabc77838988480ccceac8791ccd7dbf7b17b7f459,utf-8,clean,delivered_in_bundle,
05_ledger_and_broker/closed_trades.csv,stock_swing_review_export_mail_safe_part_001.txt,85998,86214,.csv,30084,efea5513b18b865e783ef5d1deec60587ea6afc2ea3b90868113f9a98490cea9,utf-8,clean,delivered_in_bundle,
05_ledger_and_broker/daily_equity_snapshots.csv,stock_swing_review_export_mail_safe_part_001.txt,86215,86357,.csv,3408,d80d3a12187efdff0ff607a1852e2f7d2357a6383def78c250034d9a78332bdb,utf-8,clean,delivered_in_bundle,
05_ledger_and_broker/decisions_summary.csv,stock_swing_review_export_mail_safe_part_001.txt,86358,88528,.csv,309807,f871920ad419e493be188538b48af50469376041e9c6879edfce7d80c61560bb,utf-8,clean,delivered_in_bundle,
05_ledger_and_broker/join_coverage.json,stock_swing_review_export_mail_safe_part_001.txt,88529,88546,.json,181,41a32b8bc22a4c51091c6f816aebe480a8c22140e0cda78b2922c8b2c8c202c4,utf-8,clean,delivered_in_bundle,
05_ledger_and_broker/ledger_invariants.json,stock_swing_review_export_mail_safe_part_001.txt,88547,88610,.json,1457,80f4c03c7aa85173dc80c5be8c1def00d36fb68a373fb92354f810cfb3d1dbd2,utf-8,clean,delivered_in_bundle,
05_ledger_and_broker/pnl_state_summary.json,stock_swing_review_export_mail_safe_part_001.txt,88611,88636,.json,472,5ecf13c0c3cb9a8746bdca1018058f5ebae9c4011f46bce24c97a9244beb66a0,utf-8,clean,delivered_in_bundle,
05_ledger_and_broker/quarantined_trades.csv,stock_swing_review_export_mail_safe_part_001.txt,88637,88749,.csv,21487,1b2812b75629d53750de2d71c27b71661618e210e76ca4b13e7f5b3300ec87ce,utf-8,clean,delivered_in_bundle,
05_ledger_and_broker/sector_shock_shadow_log.jsonl,stock_swing_review_export_mail_safe_part_001.txt,88750,88770,.jsonl,5925,a2aba813e7d74a62fefc2490eb759317e44061489472f37a8bc0502dc4082629,utf-8,clean,delivered_in_bundle,
05_ledger_and_broker/sector_shock_shadow_summary.json,stock_swing_review_export_mail_safe_part_001.txt,88771,88907,.json,3810,eb7a3a3bb057fb73f91106158381846dce2d8acdd25045c3cf9b20775d6af6bc,utf-8,clean,delivered_in_bundle,
05_ledger_and_broker/trade_events.jsonl,stock_swing_review_export_mail_safe_part_001.txt,88908,89308,.jsonl,135815,eb6f33a7d157bc8125d0cb30d95f66d69f697d7a1ab8afda8cf1137626105af7,utf-8,clean,delivered_in_bundle,
05_ledger_and_broker/trade_events_count.json,stock_swing_review_export_mail_safe_part_001.txt,89309,89413,.json,2834,0b1b24a0bfcdb52e4e3d12b5e569504d0750bc04851ec28b1b7cccab67f406ee,utf-8,clean,delivered_in_bundle,
06_performance_and_risk/benchmarks/QQQ_daily.json,stock_swing_review_export_mail_safe_part_001.txt,89414,89913,.json,8671,f6266a06686fc8564a21db18118eb4600d3a3a9245afbd864cded59c7b0f8cc0,utf-8,clean,delivered_in_bundle,
06_performance_and_risk/benchmarks/SMH_daily.json,stock_swing_review_export_mail_safe_part_001.txt,89914,90413,.json,8353,30746ef30a60d2089191456726a0f4bd8b1282fd9e8d5c8626aa72b4764dc779,utf-8,clean,delivered_in_bundle,
06_performance_and_risk/benchmarks/SOXQ_daily.json,stock_swing_review_export_mail_safe_part_001.txt,90414,90913,.json,8470,89cdab936f60394bff5cbd28ec37ae9b8b54922c956c5893fd81ed6118dc0ccc,utf-8,clean,delivered_in_bundle,
06_performance_and_risk/benchmarks/SOXX_daily.json,stock_swing_review_export_mail_safe_part_001.txt,90914,91413,.json,8603,825b0ecab71e10b6585c41f45d985f77a70dfe89ce4b62c7469fc80bafd19a78,utf-8,clean,delivered_in_bundle,
06_performance_and_risk/benchmarks/SPY_daily.json,stock_swing_review_export_mail_safe_part_001.txt,91414,91913,.json,8665,c8b18eb2dda32fa5576fde0e2637a8406dfcb80946f1c34521d872db95b534f2,utf-8,clean,delivered_in_bundle,
06_performance_and_risk/benchmarks/SPY_summary.json,stock_swing_review_export_mail_safe_part_001.txt,91914,91931,.json,158,302105e8c57f881d2059e680530cd6f2d6046e3adfc4af34b03812130dfea155,utf-8,clean,delivered_in_bundle,
06_performance_and_risk/benchmarks/benchmark_prices.csv,stock_swing_review_export_mail_safe_part_001.txt,91932,92248,.csv,16989,ee2bce8e942802c67bc0c85cbe92faff2d5571bc88272c0be0da4a9e0e57b287,utf-8,clean,delivered_in_bundle,
06_performance_and_risk/benchmarks/benchmark_returns.csv,stock_swing_review_export_mail_safe_part_001.txt,92249,92565,.csv,16322,583cad8ed8890022690c20f6494f4efe28ce735ed5f8e42b990dc94cfde66a54,utf-8,clean,delivered_in_bundle,
06_performance_and_risk/benchmarks_inventory.txt,stock_swing_review_export_mail_safe_part_001.txt,92566,92584,.txt,137,e47ef81e9b7622049de03b487e6350a69e389ad411bf160c5515fde585806d12,utf-8,clean,delivered_in_bundle,
06_performance_and_risk/closed_trades_for_perf_calc.csv,stock_swing_review_export_mail_safe_part_001.txt,92585,92801,.csv,25263,926ac1125f69ed17ae8bf14eac1361bf49daddaeffad1f5034e5cd4bb3a417ee,utf-8,clean,delivered_in_bundle,
06_performance_and_risk/equity_curve.csv,stock_swing_review_export_mail_safe_part_001.txt,92802,92944,.csv,9078,4bf264b87e03aed0c539c6c45371f9017bdf4764be8fa63e8273e6627b21841e,utf-8,clean,delivered_in_bundle,
06_performance_and_risk/performance_by_window.json,stock_swing_review_export_mail_safe_part_001.txt,92945,93382,.json,9739,33807ecbf2d245f8b0aa54525defa1258e7eba4195fcd115af4466be364adee9,utf-8,clean,delivered_in_bundle,
06_performance_and_risk/performance_summary.csv,stock_swing_review_export_mail_safe_part_001.txt,93383,93400,.csv,264,0ae7f31c3362dae36ff0c8686cb11772a5a476055dd043667bafc7b024d9c498,utf-8,clean,delivered_in_bundle,
06_performance_and_risk/reports/console/latest_console_summary.json,stock_swing_review_export_mail_safe_part_001.txt,93401,93843,.json,11126,b5467200526169c890adb47b1a384e9d6ba8fc709c91ea049b189664440ded87,utf-8,clean,delivered_in_bundle,
06_performance_and_risk/reports/counterfactual_hold_analysis.json,stock_swing_review_export_mail_safe_part_001.txt,93844,97825,.json,98718,fc1ddefec44e4e39e94d63ae9f596a88e25fd551cdd9657723b0e668a7f3a742,utf-8,clean,delivered_in_bundle,
06_performance_and_risk/reports/experiments/.gitkeep,stock_swing_review_export_mail_safe_part_001.txt,97826,97837,,1,01ba4719c80b6fe911b091a7c05124b64eeece964e09c058ef8f9805daca546b,utf-8,clean,delivered_in_bundle,
06_performance_and_risk/reports/guardrails/.gitkeep,stock_swing_review_export_mail_safe_part_001.txt,97838,97849,,1,01ba4719c80b6fe911b091a7c05124b64eeece964e09c058ef8f9805daca546b,utf-8,clean,delivered_in_bundle,
06_performance_and_risk/reports_inventory.txt,stock_swing_review_export_mail_safe_part_001.txt,97850,97864,.txt,65,7b2d0a5c2d50c609262b67fdcf28dc82644e892e10a25899ff74307590619fc7,utf-8,clean,delivered_in_bundle,
07_strategy_and_counterfactual/analysis/ai_usage.jsonl,stock_swing_review_export_mail_safe_part_001.txt,97865,99814,.jsonl,692919,23325240591aedc1f99a8b566137093b8a50c1804049c229808309a11b9774b4,utf-8,clean,delivered_in_bundle,
07_strategy_and_counterfactual/analysis/api_latency.csv,stock_swing_review_export_mail_safe_part_001.txt,99815,100441,.csv,43282,be66c4354decacebf69c33cfb41bf9b3630f3316b4df5aa9d4d9666a40fca8bc,utf-8,clean,delivered_in_bundle,
07_strategy_and_counterfactual/analysis/broker_tracker_reconciliation.md,stock_swing_review_export_mail_safe_part_001.txt,100442,100466,.md,675,2817f444cd9392e4c65bc249c3377ae1690df94688d888e71360f552bbc13dc5,utf-8,clean,delivered_in_bundle,
07_strategy_and_counterfactual/analysis/g1_mismatch_investigation.json,stock_swing_review_export_mail_safe_part_001.txt,100467,100528,.json,1520,bbd607e8b5f9e886e3bb85dfd22e3f1704ba01fc432e5f596d9602c2f33db24b,utf-8,clean,delivered_in_bundle,
07_strategy_and_counterfactual/analysis/metadata_backfill_report.json,stock_swing_review_export_mail_safe_part_001.txt,100529,100550,.json,282,c94e1ca559088525d0294cd500d2bbefb947c2250aa21e2a0f09b3a0bd21ac4e,utf-8,clean,delivered_in_bundle,
07_strategy_and_counterfactual/analysis/performance_summary.json,stock_swing_review_export_mail_safe_part_001.txt,100551,100592,.json,1105,5e221a4e10274cc4e627369370a4876e932f563e7cab88fcbb7dff5bcfe7e89e,utf-8,clean,delivered_in_bundle,
07_strategy_and_counterfactual/analysis/token_usage.csv,stock_swing_review_export_mail_safe_part_001.txt,100593,102569,.csv,344154,bcaa7be6576734cb9fb5bd29e5b73eb54982c9cbd49917ab849c2ae62cc1d3a3,utf-8,clean,delivered_in_bundle,
07_strategy_and_counterfactual/analysis/trade_attribution.csv,stock_swing_review_export_mail_safe_part_001.txt,102570,102773,.csv,54254,3698b96b3dc6e42e9411ca6f65cc9f76669b63a534255ee800b90a903a2cd102,utf-8,clean,delivered_in_bundle,
07_strategy_and_counterfactual/analysis/walkforward_exit_analysis.json,stock_swing_review_export_mail_safe_part_001.txt,102774,102824,.json,892,a8cc468d05b77f1e0c5c9c9db67877656fdf59addb3d7af52d8d13addfe3cd4a,utf-8,clean,delivered_in_bundle,
07_strategy_and_counterfactual/analyze_stop_loss_post_exit.py,stock_swing_review_export_mail_safe_part_001.txt,102825,103087,.py,10343,0d7b8ca0a27a199d11ab4292764d3e5b58d54089cb71cc4067ce22b6c915d9e7,utf-8,clean,delivered_in_bundle,
07_strategy_and_counterfactual/breakout_momentum_v1.yaml,stock_swing_review_export_mail_safe_part_001.txt,103088,103103,.yaml,133,af1c67510e391d3e0f4c306d9ef308ba305c1fed3536f75622dec61fe4567bf7,utf-8,clean,delivered_in_bundle,
07_strategy_and_counterfactual/counterfactual_hold_analysis.py,stock_swing_review_export_mail_safe_part_001.txt,103104,103514,.py,14981,d83a2a01e87e88146cfc79a2e825424649fe8cb493d143f64456365c92b78610,utf-8,clean,delivered_in_bundle,
07_strategy_and_counterfactual/entry_filters.yaml,stock_swing_review_export_mail_safe_part_001.txt,103515,103555,.yaml,1151,3daad856b2132cdda4a642e71e3d2c0d06d6166217529db115d43382f6ed45c5,utf-8,clean,delivered_in_bundle,
07_strategy_and_counterfactual/event_swing_v1.yaml,stock_swing_review_export_mail_safe_part_001.txt,103556,103572,.yaml,124,2c3f2ae24fc26ba89b1ef597429267ab4c63db97101b37cfb34756d2575df7bc,utf-8,clean,delivered_in_bundle,
07_strategy_and_counterfactual/exit_variant_comparison.json,stock_swing_review_export_mail_safe_part_001.txt,103573,113326,.json,413370,7e691ad0d4f73bb0e5ec7e71cea3bab0926c6b2cd3d2a774834338f106b88818,utf-8,clean,delivered_in_bundle,
07_strategy_and_counterfactual/open_shock_cooldown.yaml,stock_swing_review_export_mail_safe_part_001.txt,113327,113360,.yaml,543,94c648f4127d165d4e4731fd4149abed78c8803eed2152f24c2567991f6de6dc,utf-8,clean,delivered_in_bundle,
07_strategy_and_counterfactual/portfolio_allocation.yaml,stock_swing_review_export_mail_safe_part_001.txt,113361,113433,.yaml,2612,d89a0828ff737e400b7b6e8edf6fe8c80c91231e114752a9aeb0daed3a696011,utf-8,clean,delivered_in_bundle,
07_strategy_and_counterfactual/r3b_exit_replay_report.md,stock_swing_review_export_mail_safe_part_001.txt,113434,113549,.md,4340,2dfb263097f342fb47feb048b95ebaaa9ae3e3d746d4a81e369fe1f478d32227,utf-8,clean,delivered_in_bundle,
07_strategy_and_counterfactual/signals_sample/signal_breakout_momentum_v1_aapl_20260421061508.json,stock_swing_review_export_mail_safe_part_001.txt,113550,113582,.json,579,1ad17056c3ba24580784cead9681df3e4463456599266bf929d1da5bb46d4b1a,utf-8,clean,delivered_in_bundle,
07_strategy_and_counterfactual/signals_sample/signal_breakout_momentum_v1_aapl_20260421061526.json,stock_swing_review_export_mail_safe_part_001.txt,113583,113615,.json,579,e4c96e908a20bcda956c192455b8bde5aa039f14694c8fc4cdc4d8aba2f1774c,utf-8,clean,delivered_in_bundle,
07_strategy_and_counterfactual/signals_sample/signal_breakout_momentum_v1_googl_20260421061508.json,stock_swing_review_export_mail_safe_part_001.txt,113616,113648,.json,582,b014522b67dff36cc7aa4227e3f868af9b7705a0761a2f70d2d39d21067faef0,utf-8,clean,delivered_in_bundle,
07_strategy_and_counterfactual/signals_sample/signal_breakout_momentum_v1_googl_20260421061526.json,stock_swing_review_export_mail_safe_part_001.txt,113649,113681,.json,582,d3b08ba76e936160e3593c2920d6021e4c1ebd7645dcb07c23acf2aedcab3d58,utf-8,clean,delivered_in_bundle,
07_strategy_and_counterfactual/signals_sample/signal_breakout_momentum_v1_tsla_20260421061508.json,stock_swing_review_export_mail_safe_part_001.txt,113682,113714,.json,584,bb6774be22a10e84945cf347314eaf33d5b29022d220c97afb35e6089fdc188a,utf-8,clean,delivered_in_bundle,
07_strategy_and_counterfactual/signals_sample/signal_breakout_momentum_v1_tsla_20260421061526.json,stock_swing_review_export_mail_safe_part_001.txt,113715,113747,.json,584,df5b87a7fa4994df9aed3313e9a939d54eb71e48949590096d24d580e4a6e416,utf-8,clean,delivered_in_bundle,
07_strategy_and_counterfactual/simple_exit_v2.yaml,stock_swing_review_export_mail_safe_part_001.txt,113748,113828,.yaml,3741,5857e663413efdb26253eb2237e5005a96e1b696987a70dbde07ec3496305895,utf-8,clean,delivered_in_bundle,
07_strategy_and_counterfactual/simple_exit_v2_improvement_plan.md,stock_swing_review_export_mail_safe_part_001.txt,113829,113891,.md,2884,f0f4800b7bf893967949fdafe5c8d50990023b4b0f7e4029f5ddbea6a608411e,utf-8,clean,delivered_in_bundle,
07_strategy_and_counterfactual/stop_loss_evaluation_guidelines.md,stock_swing_review_export_mail_safe_part_001.txt,113892,114053,.md,5750,819e9f5570b4da7abbfa414b52332acf4d123202205e13731b91e562e7a1bfc5,utf-8,clean,delivered_in_bundle,
07_strategy_and_counterfactual/t22_entry_exit_analysis_framework_2026-05-07.md,stock_swing_review_export_mail_safe_part_001.txt,114054,114174,.md,3939,38fc935763415c334ae3a87c60d9b43dc0217f2ee73cc55ba159dd7c891c7ff9,utf-8,clean,delivered_in_bundle,
07_strategy_and_counterfactual/walkforward_exit_analysis.py,stock_swing_review_export_mail_safe_part_001.txt,114175,114326,.py,4837,bcf5d64a871985ccfa95be0fb9caec3ef63330d19fca508ef961c05cb4a6c945,utf-8,clean,delivered_in_bundle,
08_data_pipeline/config_sources/broker.yaml,stock_swing_review_export_mail_safe_part_001.txt,114327,114342,.yaml,103,4a43742f694e21097178752e935b2820fd37a7443b12fb7262eae8a87d0522ff,utf-8,clean,delivered_in_bundle,
08_data_pipeline/config_sources/finnhub.yaml,stock_swing_review_export_mail_safe_part_001.txt,114343,114358,.yaml,111,7bc00de412e5644913aad37a1334f5034b6d3d899abaf30a18394c3b37ab879c,utf-8,clean,delivered_in_bundle,
08_data_pipeline/config_sources/fred.yaml,stock_swing_review_export_mail_safe_part_001.txt,114359,114374,.yaml,114,7d151d0a722a93f953541ff7dc227f9db7fd9f8f42b7f4b08923917e1b9b5a0e,utf-8,clean,delivered_in_bundle,
08_data_pipeline/config_sources/sec.yaml,stock_swing_review_export_mail_safe_part_001.txt,114375,114390,.yaml,102,85b56628063603feafc022ebd9fb46c7b73ebde1aa24ac3896725629972b6c31,utf-8,clean,delivered_in_bundle,
08_data_pipeline/corporate_actions.json,stock_swing_review_export_mail_safe_part_001.txt,114391,114419,.json,655,3554b07fa572b5f27c61d107fd05a5cb499c1d20041d1079d1b2a0e417e9547e,utf-8,clean,delivered_in_bundle,
08_data_pipeline/data_directory_catalog.json,stock_swing_review_export_mail_safe_part_001.txt,114420,114475,.json,1468,8876c3d1712fd82caa8ab44cc88c8f78d1aac6c6b78ede2f03f5cbde0b13c0d2,utf-8,clean,delivered_in_bundle,
08_data_pipeline/data_pipeline_summary.md,stock_swing_review_export_mail_safe_part_001.txt,114476,114506,.md,764,53c56632cac14bba85f5b6885e9756887eb7262b38aca1031f73cb8e4ce65100,utf-8,clean,delivered_in_bundle,
08_data_pipeline/price_overrides.json,stock_swing_review_export_mail_safe_part_001.txt,114507,114522,.json,190,204a42571b5fa7e8b0360b4c41635c73574d41db7c5859be6ea04187cf55cc8e,utf-8,clean,delivered_in_bundle,
08_data_pipeline/symbol_registry.yaml,stock_swing_review_export_mail_safe_part_001.txt,114523,114960,.yaml,12501,b9cc1e991e89781bb62a00aafd226ce0de011cf677c525bff2189b72036c7aa3,utf-8,clean,delivered_in_bundle,
09_guardrails_experiments_learning/circuit_breaker.halted_backup_20260713_023957.json,stock_swing_review_export_mail_safe_part_001.txt,114961,114991,.json,444,7ab7a091c624530c628c9745dede432925af1f542ca9fd2dfd0cab3cc24933da,utf-8,clean,delivered_in_bundle,
09_guardrails_experiments_learning/circuit_breaker.halted_backup_20260714_000746.json,stock_swing_review_export_mail_safe_part_001.txt,114992,115031,.json,660,efd7055736d1b9831643dcbef4b71af074dbfb3a5d196a0fcacc646eb5b815e0,utf-8,clean,delivered_in_bundle,
09_guardrails_experiments_learning/circuit_breaker.halted_backup_20260725_004144.json,stock_swing_review_export_mail_safe_part_001.txt,115032,115062,.json,444,c75849e021ae90f28ab76655955bb62d0809daf17768db94bbb859aa9b870574,utf-8,clean,delivered_in_bundle,
09_guardrails_experiments_learning/circuit_breaker.json,stock_swing_review_export_mail_safe_part_001.txt,115063,115073,.json,605,ed3688a5823272c4c804eec698f6345e4df39c890358652eb1f04a4dd7b1af02,utf-8,clean,delivered_in_bundle,
09_guardrails_experiments_learning/config_ai/ai_runtime.yaml,stock_swing_review_export_mail_safe_part_001.txt,115074,115102,.yaml,343,ec0791a164a4fd5790f387c0c0489bd4f377ce166ac0fc9e29b2ebfd1fdb0ef5,utf-8,clean,delivered_in_bundle,
09_guardrails_experiments_learning/config_experiments/ab_buckets.yaml,stock_swing_review_export_mail_safe_part_001.txt,115103,115124,.yaml,237,4464f572de59dcc8866f3327ed4ef310cf2e2a36d5c7693c45d5ba9ef9c3dc29,utf-8,clean,delivered_in_bundle,
09_guardrails_experiments_learning/config_experiments/default_experiment.yaml,stock_swing_review_export_mail_safe_part_001.txt,115125,115143,.yaml,164,900758254618590c7d00065a6366df6ed273df6f3fecb76f62b7aa5c8d352bdc,utf-8,clean,delivered_in_bundle,
09_guardrails_experiments_learning/config_guardrails/autonomous_stop.yaml,stock_swing_review_export_mail_safe_part_001.txt,115144,115219,.yaml,1512,89dde5ef01f3c0fe1f4f2248497a3ead39b3ed88f67cd98cde559120ef202603,utf-8,clean,delivered_in_bundle,
09_guardrails_experiments_learning/experiment_data/exp-20260625-swing-v1-prompt-v1-9ac0851c-63890d53/manifest.json,stock_swing_review_export_mail_safe_part_001.txt,115220,115244,.json,469,1e157ac6526ffed623ec092bd198ae79298b36718c6f78da85bf6b95105c5d07,utf-8,clean,delivered_in_bundle,
09_guardrails_experiments_learning/experiment_data/exp-20260625-swing-v1-prompt-v1-a2057e74-63890d53/manifest.json,stock_swing_review_export_mail_safe_part_001.txt,115245,115269,.json,469,00bf1dca5153054c689472ab23d0e9bfffa4c578635042234a00ff8fa998b11d,utf-8,clean,delivered_in_bundle,
09_guardrails_experiments_learning/experiment_data/exp-20260625-swing-v1-prompt-v1-b1c17264-63890d53/manifest.json,stock_swing_review_export_mail_safe_part_001.txt,115270,115300,.json,636,f869351873eb50d506511780b4140be6cd1d381b12631c0b4611b64e7dd5e9b2,utf-8,clean,delivered_in_bundle,
09_guardrails_experiments_learning/experiment_data/exp-20260625-swing-v1-prompt-v1-f85529d3-63890d53/manifest.json,stock_swing_review_export_mail_safe_part_001.txt,115301,115325,.json,469,4d1406cdf91462c002f49e18b20be292e16f596abf1c5c5b4ac26a05accdc724,utf-8,clean,delivered_in_bundle,
09_guardrails_experiments_learning/experiment_data/exp-20260626-swing-v1-prompt-v1-2b0d7ac4-63890d53/manifest.json,stock_swing_review_export_mail_safe_part_001.txt,115326,115350,.json,469,85ebc2ea1eefac718436deb37bb7013cc0cb38dc76564bae34e5e6af10b30e52,utf-8,clean,delivered_in_bundle,
09_guardrails_experiments_learning/experiment_data/exp-20260629-swing-v1-prompt-v1-84531553-63890d53/manifest.json,stock_swing_review_export_mail_safe_part_001.txt,115351,115375,.json,469,3823247ed2b6cb9705667b37804fa9c33aaca507ecea2939b56d84cfa8111375,utf-8,clean,delivered_in_bundle,
09_guardrails_experiments_learning/experiment_data/exp-20260630-swing-v1-prompt-v1-6ce6662d-63890d53/manifest.json,stock_swing_review_export_mail_safe_part_001.txt,115376,115400,.json,469,1844e1261eff73ceb0241ff2b6157379e5a2c4c0f7d9395e7f3f170654121589,utf-8,clean,delivered_in_bundle,
09_guardrails_experiments_learning/experiment_data/exp-20260630-swing-v1-prompt-v1-9c81a9c0-63890d53/manifest.json,stock_swing_review_export_mail_safe_part_001.txt,115401,115425,.json,469,b0ea4e373dbee87cca75099bdcbc93cc8ffe97b85e4e2b3c765268d7d74f81dd,utf-8,clean,delivered_in_bundle,
09_guardrails_experiments_learning/experiment_data/exp-20260701-swing-v1-prompt-v1-5cc4fbbb-63890d53/manifest.json,stock_swing_review_export_mail_safe_part_001.txt,115426,115450,.json,469,32795560532fa90056e2ebdcc2862dd99680acff0fe024c507a69dd1de0340ef,utf-8,clean,delivered_in_bundle,
09_guardrails_experiments_learning/experiment_data/exp-20260701-swing-v1-prompt-v1-e0f2ae2c-63890d53/manifest.json,stock_swing_review_export_mail_safe_part_001.txt,115451,115475,.json,469,ae38cf63f35a8bf24af59c5ce8357b73db528d2b677277072257ddefb64fa86e,utf-8,clean,delivered_in_bundle,
09_guardrails_experiments_learning/experiment_data/exp-20260702-swing-v1-prompt-v1-f85239a0-63890d53/manifest.json,stock_swing_review_export_mail_safe_part_001.txt,115476,115500,.json,469,a5255e70d701f88e2d2bc8309586eda9b9df7b93a6ffd345d2c7b0f027d84b74,utf-8,clean,delivered_in_bundle,
09_guardrails_experiments_learning/experiment_data/exp-20260703-swing-v1-prompt-v1-d0744dab-63890d53/manifest.json,stock_swing_review_export_mail_safe_part_001.txt,115501,115525,.json,469,91f6ad52ed67f0f08c78b12a80ed324225c8cd2234e3386e3caa4b7859aff4a5,utf-8,clean,delivered_in_bundle,
09_guardrails_experiments_learning/experiment_data/exp-20260706-swing-v1-prompt-v1-16bf3d3a-63890d53/manifest.json,stock_swing_review_export_mail_safe_part_001.txt,115526,115550,.json,469,a91e17aa91f3ccb92a681e11e699b40b9475573cafcfa600a44835cf455cd273,utf-8,clean,delivered_in_bundle,
09_guardrails_experiments_learning/experiment_data/exp-20260707-swing-v1-prompt-v1-16bf3d3a-63890d53/manifest.json,stock_swing_review_export_mail_safe_part_001.txt,115551,115575,.json,469,46cfba2219ada183d899700cde55836f506aabb302e6b08ad0bf328d71f20e4d,utf-8,clean,delivered_in_bundle,
09_guardrails_experiments_learning/experiment_data/exp-20260708-swing-v1-prompt-v1-16bf3d3a-63890d53/manifest.json,stock_swing_review_export_mail_safe_part_001.txt,115576,115600,.json,469,80b5f2ad71928e75b27b655e973cf1d32cdc405952acc876756971f972438313,utf-8,clean,delivered_in_bundle,
09_guardrails_experiments_learning/experiment_data/exp-20260709-swing-v1-prompt-v1-8895c694-63890d53/manifest.json,stock_swing_review_export_mail_safe_part_001.txt,115601,115625,.json,469,63dff8e717bffa3acd9d9c455cc93f23367953fcfeab4eff7e6273481d3e914f,utf-8,clean,delivered_in_bundle,
09_guardrails_experiments_learning/experiment_data/exp-20260710-swing-v1-prompt-v1-a4b40d53-63890d53/manifest.json,stock_swing_review_export_mail_safe_part_001.txt,115626,115650,.json,469,a5d8d6d92fe98fbeab11e865cc4ad9c9d6fd2a43d7cf541c11af4776657e6149,utf-8,clean,delivered_in_bundle,
09_guardrails_experiments_learning/experiment_data/exp-20260713-swing-v1-prompt-v1-158c2b08-63890d53/manifest.json,stock_swing_review_export_mail_safe_part_001.txt,115651,115675,.json,469,338d0410e65dad4e01fd7445ea41072d9c9a98576b7897a4ea42204ea961ce6f,utf-8,clean,delivered_in_bundle,
09_guardrails_experiments_learning/experiment_data/exp-20260713-swing-v1-prompt-v1-6f232d42-63890d53/manifest.json,stock_swing_review_export_mail_safe_part_001.txt,115676,115700,.json,469,aa14c734a90465254278c59530b14346ca9f6c5782a529599a93acd852e5118f,utf-8,clean,delivered_in_bundle,
09_guardrails_experiments_learning/experiment_data/exp-20260714-swing-v1-prompt-v1-a6938d70-63890d53/manifest.json,stock_swing_review_export_mail_safe_part_001.txt,115701,115725,.json,469,b332444ff67338f486220a3ea0319953631b76baa5f2fa79dab5cdffe96003c3,utf-8,clean,delivered_in_bundle,
09_guardrails_experiments_learning/experiment_data/exp-20260715-swing-v1-prompt-v1-31cba09d-63890d53/manifest.json,stock_swing_review_export_mail_safe_part_001.txt,115726,115750,.json,469,7d1f0e68a3a63599ec7ab5a5b2bce5f50899564ef8acb432bf608a04b8258f0b,utf-8,clean,delivered_in_bundle,
09_guardrails_experiments_learning/experiment_data/exp-20260716-swing-v1-prompt-v1-1f8659c4-63890d53/manifest.json,stock_swing_review_export_mail_safe_part_001.txt,115751,115775,.json,469,37c4264dc37877736a628996333e5009e7750c2a26033ad42c87e110a85b3cd1,utf-8,clean,delivered_in_bundle,
09_guardrails_experiments_learning/experiment_data/exp-20260717-swing-v1-prompt-v1-55e921fe-63890d53/manifest.json,stock_swing_review_export_mail_safe_part_001.txt,115776,115800,.json,469,840b707358f623998316ac16f6e1a76c37c49f76f3b2f422cda3e079bba9c097,utf-8,clean,delivered_in_bundle,
09_guardrails_experiments_learning/experiment_data/exp-20260720-swing-v1-prompt-v1-55e921fe-63890d53/manifest.json,stock_swing_review_export_mail_safe_part_001.txt,115801,115825,.json,469,2a95ab06fcf662d85af9fcad04a57d40e9cc6602e7d1c79ac4a2f0d8e661f1e6,utf-8,clean,delivered_in_bundle,
09_guardrails_experiments_learning/experiment_data/exp-20260721-swing-v1-prompt-v1-2c5cf4dc-63890d53/manifest.json,stock_swing_review_export_mail_safe_part_001.txt,115826,115850,.json,469,1c518a0a70c7dfea92b61f00a8e1987d812613ef709f2e9d121d21ac7e9fdc61,utf-8,clean,delivered_in_bundle,
09_guardrails_experiments_learning/experiment_data/exp-20260721-swing-v1-prompt-v1-fd18b363-63890d53/manifest.json,stock_swing_review_export_mail_safe_part_001.txt,115851,115875,.json,469,1867b13cfc3eece1bee888eb4c42d4fc87559f3c0d560b40f202616d54418990,utf-8,clean,delivered_in_bundle,
09_guardrails_experiments_learning/experiment_data/exp-20260722-swing-v1-prompt-v1-8e8ca7e6-63890d53/manifest.json,stock_swing_review_export_mail_safe_part_001.txt,115876,115900,.json,469,544a5aa091d0985219fba136c0f2eb7771ba8a1ab15239471f2f507c3f13a7a0,utf-8,clean,delivered_in_bundle,
09_guardrails_experiments_learning/experiment_data/exp-20260722-swing-v1-prompt-v1-babe6c40-63890d53/manifest.json,stock_swing_review_export_mail_safe_part_001.txt,115901,115925,.json,469,b9d677f10d6db4d63dc6f51cbd6257e8b35d1001fcc3a4f22bbef065ff7e3857,utf-8,clean,delivered_in_bundle,
09_guardrails_experiments_learning/experiment_data/exp-20260722-swing-v1-prompt-v1-da769745-63890d53/manifest.json,stock_swing_review_export_mail_safe_part_001.txt,115926,115950,.json,469,cc459edbe2ff1bdcfcf159989e1888a0563366020f0d27a3496ca7342e479924,utf-8,clean,delivered_in_bundle,
09_guardrails_experiments_learning/experiment_data/exp-20260723-swing-v1-prompt-v1-2bbaefd5-63890d53/manifest.json,stock_swing_review_export_mail_safe_part_001.txt,115951,115975,.json,469,ccd9eaf2821db30d6b271ef4e8fa58b791f6dd498afe3024c5dcd951daea70d7,utf-8,clean,delivered_in_bundle,
09_guardrails_experiments_learning/experiment_data/exp-20260724-swing-v1-prompt-v1-5931392e-63890d53/manifest.json,stock_swing_review_export_mail_safe_part_001.txt,115976,116000,.json,469,92b752bc6860137629725491f8c32ec9eddbda6f9094412d52a86d7462ec3d81,utf-8,clean,delivered_in_bundle,
09_guardrails_experiments_learning/experiment_data/exp-20260727-swing-v1-prompt-v1-151f8d56-63890d53/manifest.json,stock_swing_review_export_mail_safe_part_001.txt,116001,116025,.json,469,e24504d8c5e2ad0734181c31eafd5bab209847fd5572a5f31212de80103ddac5,utf-8,clean,delivered_in_bundle,
09_guardrails_experiments_learning/experiment_data/exp-20260728-swing-v1-prompt-v1-0bd99cac-63890d53/manifest.json,stock_swing_review_export_mail_safe_part_001.txt,116026,116050,.json,469,d1cb10e67ce44a1549178aa71440aada49ceeedcad5f08110dd2fa10724dbe55,utf-8,clean,delivered_in_bundle,
09_guardrails_experiments_learning/experiment_data/experiments.jsonl,stock_swing_review_export_mail_safe_part_001.txt,116051,116173,.jsonl,49761,3118dc8a4b44465190bfb084373e5279fe9f08ebb5627c64492faedeba304711,utf-8,clean,delivered_in_bundle,
09_guardrails_experiments_learning/features_sample/feature_macro_regime_macro_20260421061002.json,stock_swing_review_export_mail_safe_part_001.txt,116174,116199,.json,291,f4d5478dcab8bea93a4b6287a95bb1565d0654c67a43c86f3dd39085e61d429e,utf-8,clean,delivered_in_bundle,
09_guardrails_experiments_learning/features_sample/feature_macro_regime_macro_20260421061159.json,stock_swing_review_export_mail_safe_part_001.txt,116200,116225,.json,291,430eb6e4cfebbdd2be13bdb9422a093f01458fe3504c19ccba03a0c676317ecd,utf-8,clean,delivered_in_bundle,
09_guardrails_experiments_learning/features_sample/feature_macro_regime_macro_20260421061232.json,stock_swing_review_export_mail_safe_part_001.txt,116226,116251,.json,291,817511d9f720c3c11ddd0d5ac990bd12eb5a742aaa42c9e078cf39e0dfc6c609,utf-8,clean,delivered_in_bundle,
09_guardrails_experiments_learning/features_sample/feature_macro_regime_macro_20260421061306.json,stock_swing_review_export_mail_safe_part_001.txt,116252,116277,.json,291,e942b42218851778ab62c8a9cc80e931f05c6943bed0549d12a8496e80a0f33b,utf-8,clean,delivered_in_bundle,
09_guardrails_experiments_learning/features_sample/feature_macro_regime_macro_20260421061508.json,stock_swing_review_export_mail_safe_part_001.txt,116278,116303,.json,292,23a7d4dc67d3f7f5c31aab4d43dd3785b7ec4944f0140ab9e8a3bcc261a9016c,utf-8,clean,delivered_in_bundle,
09_guardrails_experiments_learning/features_sample/feature_macro_regime_macro_20260421061526.json,stock_swing_review_export_mail_safe_part_001.txt,116304,116329,.json,292,77375c5e1b570fcedea00975e26d66d425b5b9027bedaccb899c8a2436a3b0bc,utf-8,clean,delivered_in_bundle,
09_guardrails_experiments_learning/features_sample/feature_price_momentum_aapl_20260421061508.json,stock_swing_review_export_mail_safe_part_001.txt,116330,116358,.json,472,737a55a7934bd76e7fac64b439148f076ccdc53bcc43bb2a1e19de00b634656f,utf-8,clean,delivered_in_bundle,
09_guardrails_experiments_learning/features_sample/feature_price_momentum_aapl_20260421061526.json,stock_swing_review_export_mail_safe_part_001.txt,116359,116387,.json,472,87af2cbb8b323e961deaa857a17f15c0516d6133625fa83b01d12b91d8e6e7fe,utf-8,clean,delivered_in_bundle,
09_guardrails_experiments_learning/features_sample/feature_price_momentum_amzn_20260421061508.json,stock_swing_review_export_mail_safe_part_001.txt,116388,116416,.json,479,0d64aaa97ba4440adb739bf7632ff2061ca4117d1ac3fc64e0bd38088cb6523c,utf-8,clean,delivered_in_bundle,
09_guardrails_experiments_learning/features_sample/feature_price_momentum_amzn_20260421061526.json,stock_swing_review_export_mail_safe_part_001.txt,116417,116445,.json,479,58449dbdd475633d7a615e311f36fca93ef66c19ad353f2f00611fb999447f9d,utf-8,clean,delivered_in_bundle,
09_guardrails_experiments_learning/features_sample/feature_price_momentum_googl_20260421061508.json,stock_swing_review_export_mail_safe_part_001.txt,116446,116474,.json,475,7553963dbe4163b5533ac0dcc2c4a5994505a17fe03cad7243ccb31b2f376411,utf-8,clean,delivered_in_bundle,
09_guardrails_experiments_learning/features_sample/feature_price_momentum_googl_20260421061526.json,stock_swing_review_export_mail_safe_part_001.txt,116475,116503,.json,475,ea39e38f2ec92ff424f0a72a06e2088fc88b38af69ea3b4ccf4f5fa93b5033ea,utf-8,clean,delivered_in_bundle,
09_guardrails_experiments_learning/features_sample/feature_price_momentum_msft_20260421061508.json,stock_swing_review_export_mail_safe_part_001.txt,116504,116532,.json,478,da051e58223eb2cbe57a6bb1e7754e7696050aa686dd2c7b34ed3a527360ffea,utf-8,clean,delivered_in_bundle,
09_guardrails_experiments_learning/features_sample/feature_price_momentum_msft_20260421061526.json,stock_swing_review_export_mail_safe_part_001.txt,116533,116561,.json,478,c324a266802366c40227aaeab1cd6db5c97ce77cdd9572cebe5ad5c37c0923d6,utf-8,clean,delivered_in_bundle,
09_guardrails_experiments_learning/features_sample/feature_price_momentum_tsla_20260421061508.json,stock_swing_review_export_mail_safe_part_001.txt,116562,116590,.json,477,aeb106671d2844b792d745674148be816683b0bcb286734d23566896e471b10c,utf-8,clean,delivered_in_bundle,
09_guardrails_experiments_learning/features_sample/feature_price_momentum_tsla_20260421061526.json,stock_swing_review_export_mail_safe_part_001.txt,116591,116619,.json,477,f2ec469838c58a17757488a847c61033206d2d891fc30964699a1e7b3375fb7b,utf-8,clean,delivered_in_bundle,
09_guardrails_experiments_learning/risk_monitor_state.json,stock_swing_review_export_mail_safe_part_001.txt,116620,116637,.json,180,e25613603704d78d6681b1fabc77838988480ccceac8791ccd7dbf7b17b7f459,utf-8,clean,delivered_in_bundle,
09_guardrails_experiments_learning/sector_shock_hold.py,stock_swing_review_export_mail_safe_part_001.txt,116638,117119,.py,21437,6a0a08956f2c6a7ee0b6d73dccbcfae6c51c35ea066c54195e0f29f49ec6ebdd,utf-8,clean,delivered_in_bundle,
10_console/api_data_quality.json,stock_swing_review_export_mail_safe_part_001.txt,117120,117131,.json,30,69f7c6ee819f4f7d0d87eb9e9c158e16c95de1b023f46f5b6b3dd51237a79669,utf-8,clean,delivered_in_bundle,
10_console/api_guardrail_status.json,stock_swing_review_export_mail_safe_part_001.txt,117132,117143,.json,30,69f7c6ee819f4f7d0d87eb9e9c158e16c95de1b023f46f5b6b3dd51237a79669,utf-8,clean,delivered_in_bundle,
10_console/api_live_summary.json,stock_swing_review_export_mail_safe_part_001.txt,117144,117155,.json,30,69f7c6ee819f4f7d0d87eb9e9c158e16c95de1b023f46f5b6b3dd51237a79669,utf-8,clean,delivered_in_bundle,
10_console/api_strategy_attribution.json,stock_swing_review_export_mail_safe_part_001.txt,117156,117167,.json,30,69f7c6ee819f4f7d0d87eb9e9c158e16c95de1b023f46f5b6b3dd51237a79669,utf-8,clean,delivered_in_bundle,
10_console/api_summary.json,stock_swing_review_export_mail_safe_part_001.txt,117168,117179,.json,30,69f7c6ee819f4f7d0d87eb9e9c158e16c95de1b023f46f5b6b3dd51237a79669,utf-8,clean,delivered_in_bundle,
10_console/console_access_info.md,stock_swing_review_export_mail_safe_part_001.txt,117180,117196,.md,237,709b5a096e932ffcb9aa26bbda2ea1a6561d2d1d1f2e9dcb0f9170e700fe9a42,utf-8,clean,delivered_in_bundle,
10_console/console_source/README.md,stock_swing_review_export_mail_safe_part_001.txt,117197,117595,.md,10494,f520e0785c1195308225461fe09f07c56102206385e032000d867057a4c9af7f,utf-8,clean,delivered_in_bundle,
10_console/console_source/adapters/__init__.py,stock_swing_review_export_mail_safe_part_001.txt,117596,117606,.py,0,e3b0c44298fc1c149afbf4c8996fb92427ae41e4649b934ca495991b7852b855,utf-8,clean,delivered_in_bundle,
10_console/console_source/adapters/cron_adapter.py,stock_swing_review_export_mail_safe_part_001.txt,117607,117733,.py,4248,396a64db4189cf4f451c7d3fa4281e6bbf1558ee8cca54456c8e322e6d37f8a1,utf-8,clean,delivered_in_bundle,
10_console/console_source/adapters/data_adapter.py,stock_swing_review_export_mail_safe_part_001.txt,117734,117808,.py,2067,ca0990c216243488dae52c7defc0bcc7e92d8dd97b63263f83e65f020cb33311,utf-8,clean,delivered_in_bundle,
10_console/console_source/adapters/system_adapter.py,stock_swing_review_export_mail_safe_part_001.txt,117809,117888,.py,2091,ae509ff07042c55e9d5f669e87acf6d1663eb29b4b50b6a41f0798c6d4beea70,utf-8,clean,delivered_in_bundle,
10_console/console_source/app.py,stock_swing_review_export_mail_safe_part_001.txt,117889,118448,.py,22006,b6dc848acff6a97789d015cd8515db8b4e25c29bdf1211933f3b80978d8aa80d,utf-8,clean,delivered_in_bundle,
10_console/console_source/app_tmp.py,stock_swing_review_export_mail_safe_part_001.txt,118449,118459,.py,0,e3b0c44298fc1c149afbf4c8996fb92427ae41e4649b934ca495991b7852b855,utf-8,clean,delivered_in_bundle,
10_console/console_source/manage.sh,stock_swing_review_export_mail_safe_part_001.txt,118460,119010,.sh,13770,230c702294e5a1dec23010fc264ddf35d3de5cc91ca538e565601489b9707806,utf-8,clean,delivered_in_bundle,
10_console/console_source/remote_readonly_app.py,stock_swing_review_export_mail_safe_part_001.txt,119011,119638,.py,22558,e9827a39572bfc967c605f88119c4711bc6ce8a923636a9711f22294cf8397ad,utf-8,clean,delivered_in_bundle,
10_console/console_source/services/__init__.py,stock_swing_review_export_mail_safe_part_001.txt,119639,119649,.py,0,e3b0c44298fc1c149afbf4c8996fb92427ae41e4649b934ca495991b7852b855,utf-8,clean,delivered_in_bundle,
10_console/console_source/services/benchmark_service.py,stock_swing_review_export_mail_safe_part_001.txt,119650,120057,.py,15505,07c6d2253e204db51c7368914cae53f7b15237f3152d69e18acedbc509453469,utf-8,clean,delivered_in_bundle,
10_console/console_source/services/console_self_check_service.py,stock_swing_review_export_mail_safe_part_001.txt,120058,120144,.py,2617,8bb909bae1d4853683cd123c95e444d1565de9c2405a4cd08f0b3a60333082a1,utf-8,clean,delivered_in_bundle,
10_console/console_source/services/dashboard_service.py,stock_swing_review_export_mail_safe_part_001.txt,120145,123970,.py,186982,0d0772a9c4bb31c4b36ad27d3e6340565d9743aa43f7a6f6ec4db3a144cf0395,utf-8,clean,delivered_in_bundle,
10_console/console_source/services/dashboard_service_patch.py,stock_swing_review_export_mail_safe_part_001.txt,123971,124021,.py,1517,4ca0b543f354ada063bc3c4afaddb92242ae352bbaefb2d175bef0aad1584182,utf-8,clean,delivered_in_bundle,
10_console/console_source/services/guardrail_service.py,stock_swing_review_export_mail_safe_part_001.txt,124022,124203,.py,6686,ba0ca4eeec88d4295c0ffdf2a2c0ea4fb2205038183cba00d22d67be98e3903d,utf-8,clean,delivered_in_bundle,
10_console/console_source/services/parameter_service.py,stock_swing_review_export_mail_safe_part_001.txt,124204,124447,.py,8506,54a94c479baef32268049b0a247dac5a545561939d303450e3a3e2d21ac40556,utf-8,clean,delivered_in_bundle,
10_console/console_source/services/performance_breakdown_service.py,stock_swing_review_export_mail_safe_part_001.txt,124448,124625,.py,6424,dce2418b78cb5e1ce3a398f8730a6c3ba9021f7b3a560c23a0301ad70c93e299,utf-8,clean,delivered_in_bundle,
10_console/console_source/services/position_risk_service.py,stock_swing_review_export_mail_safe_part_001.txt,124626,124836,.py,7428,d01fb7f9fea83dec050ebf189ef09fcff2b830667cb183447f3e18ce3ce47842,utf-8,clean,delivered_in_bundle,
10_console/console_source/services/summary_service.py,stock_swing_review_export_mail_safe_part_001.txt,124837,125570,.py,34658,4c311458004c0f7431f1f0c54da99233015f435b328e06df264ca22706f19f35,utf-8,clean,delivered_in_bundle,
10_console/console_source/start.sh,stock_swing_review_export_mail_safe_part_001.txt,125571,125588,.sh,179,1e1c776c0bc353fb1484ab9aac9960dd3817d9cd83cb4f70d771ee91bd1ed6cb,utf-8,clean,delivered_in_bundle,
10_console/console_source/ui/api-client.js,stock_swing_review_export_mail_safe_part_001.txt,125589,125860,.js,7972,12bfff491a4b65419e014ab64a84e9bb413ac04d8867f3466bbbadd468898737,utf-8,clean,delivered_in_bundle,
10_console/console_source/ui/app.js,stock_swing_review_export_mail_safe_part_001.txt,125861,128754,.js,151175,61be32b925ee6330fa0aa696f220a15741e50f6fd5215a6a822adaa3718aa41c,utf-8,clean,delivered_in_bundle,
10_console/console_source/ui/error-handler.js,stock_swing_review_export_mail_safe_part_001.txt,128755,128979,.js,5738,4fc6eacf1ee919cd75b687392b899d386150f6862d5a5668f950b41d8f750e13,utf-8,clean,delivered_in_bundle,
10_console/console_source/ui/error-tracker.js,stock_swing_review_export_mail_safe_part_001.txt,128980,129290,.js,8095,b36259de9cc19168becfb7e6f706e735f597735ea8873dc31ed43943b621a304,utf-8,clean,delivered_in_bundle,
10_console/console_source/ui/health-monitor.js,stock_swing_review_export_mail_safe_part_001.txt,129291,129613,.js,8121,3a736615323fec5dd6e0b67558539b348c7024afe515fe00f79cc651da5a8ec7,utf-8,clean,delivered_in_bundle,
10_console/console_source/ui/index.html,stock_swing_review_export_mail_safe_part_001.txt,129614,129683,.html,2886,00773e84441cbd2edc1c91f2ca3b4d4d0ecf1c883dfefdddd0cf9b79471f94d1,utf-8,clean,delivered_in_bundle,
10_console/console_source/ui/mobile_readonly.html,stock_swing_review_export_mail_safe_part_001.txt,129684,130232,.html,18864,e8c121120a2946f2aebb2a5eaffe057922128f83afaa3ec9e19f3c3ecdaffc09,utf-8,clean,delivered_in_bundle,
10_console/console_source/ui/performance-monitor.js,stock_swing_review_export_mail_safe_part_001.txt,130233,130564,.js,8603,61b561342bad293dcd5ebffa73241c958b61e008636352d96bb43ffc1f591191,utf-8,clean,delivered_in_bundle,
10_console/console_source/ui/recovery-manager.js,stock_swing_review_export_mail_safe_part_001.txt,130565,130981,.js,10958,a70df4261bc4ff5ccf7f0656574468225d69310e5c8edad48bd0ae882b9034d4,utf-8,clean,delivered_in_bundle,
10_console/console_source/ui/report-generator.js,stock_swing_review_export_mail_safe_part_001.txt,130982,131478,.js,15366,fd28752b38416c4dd2cb7a557480dc1d446454b09644cbba80a792c4f317d69f,utf-8,clean,delivered_in_bundle,
10_console/console_source/ui/state-manager.js,stock_swing_review_export_mail_safe_part_001.txt,131479,131732,.js,5378,65baa40b4beb3f2ff9aff7e48681e969a4fcebe9fc514718e891046a9c6b3226,utf-8,clean,delivered_in_bundle,
10_console/console_source/ui/style.css,stock_swing_review_export_mail_safe_part_001.txt,131733,133141,.css,24819,781492601c99c3fb5cf7e525f4f5af76e8ce0df0fc284111d8603a5b7219271e,utf-8,clean,delivered_in_bundle,
10_console/console_source/ui/test-phase3.html,stock_swing_review_export_mail_safe_part_001.txt,133142,133460,.html,12173,efa0adf5c62f1463379a7685ad9fa0ae196237d37c6827e9df56e0415267af3f,utf-8,clean,delivered_in_bundle,
10_console/console_source/ui/test-robustness.html,stock_swing_review_export_mail_safe_part_001.txt,133461,133803,.html,11291,461440a7fe2afc46cb4405d4417501df2afbc3b29316fee7087ebeffef081724,utf-8,clean,delivered_in_bundle,
10_console/console_source/ui/test.html,stock_swing_review_export_mail_safe_part_001.txt,133804,134042,.html,9110,d3c3aa074e4d489605964ce72b4da1cbda908239b2762e92a0cd9dc4d4b4ddf7,utf-8,clean,delivered_in_bundle,
10_console/console_source/ui/test_analysis.html,stock_swing_review_export_mail_safe_part_001.txt,134043,134184,.html,5007,37d33dc893cf61db4c7a0c828e745bb1b1a2ae9aa5ab2a683de217291720c31a,utf-8,clean,delivered_in_bundle,
10_console/console_source/ui/utils.js,stock_swing_review_export_mail_safe_part_001.txt,134185,134409,.js,5661,77285267df9fcef6f6fc7987e1243156f9db098fbac7100b7d18897614c1ba67,utf-8,clean,delivered_in_bundle,
10_console/console_source/ui/validators.js,stock_swing_review_export_mail_safe_part_001.txt,134410,134839,.js,15362,eb4b520167e6159f5b95ab745ab108124bfa8357353e7c5236bbcbcd756c9739,utf-8,clean,delivered_in_bundle,
10_console/console_source/ui/診断.html,stock_swing_review_export_mail_safe_part_001.txt,134840,134964,.html,5143,390d12a8a7311c0e98ae9c46b0f2d35534363430a9d4b8fb52f0aae0d0ad2607,utf-8,clean,delivered_in_bundle,
10_console/console_source/utils/__init__.py,stock_swing_review_export_mail_safe_part_001.txt,134965,134975,.py,0,e3b0c44298fc1c149afbf4c8996fb92427ae41e4649b934ca495991b7852b855,utf-8,clean,delivered_in_bundle,
10_console/console_source/utils/time_utils.py,stock_swing_review_export_mail_safe_part_001.txt,134976,135002,.py,395,15e4b360dc067cf8c366d5f799ed2ac402e5349817ace3faed9b3d92f7120efd,utf-8,clean,delivered_in_bundle,
10_console/console_source/websocket_server.py,stock_swing_review_export_mail_safe_part_001.txt,135003,135135,.py,3218,33e99a2d130773bc8dded61b7aa52133fdf2f5e5fc9a5c5b91fd69d79723a36b,utf-8,clean,delivered_in_bundle,
10_console/dashboard_source/.streamlit/config.toml,stock_swing_review_export_mail_safe_part_001.txt,135136,135149,.toml,43,d8b2c04fd6d8878732eee5a1eba81668eca95d4caa577580fcc988d8cb343a34,utf-8,clean,delivered_in_bundle,
10_console/dashboard_source/alpaca.py,stock_swing_review_export_mail_safe_part_001.txt,135150,135258,.py,2518,97fcf333c20c379897250e2db973e5a674e3166d18dffe5f75699e596059f022,utf-8,clean,delivered_in_bundle,
10_console/dashboard_source/app.py,stock_swing_review_export_mail_safe_part_001.txt,135259,135703,.py,15982,69b0e1ca6a205f92cab53d0cc547ac75bfc21c0106dec440fd7e54bb91426b7c,utf-8,clean,delivered_in_bundle,
10_console/dashboard_source/charts.py,stock_swing_review_export_mail_safe_part_001.txt,135704,135867,.py,5740,7f4b0057153638675e54a6d736d4dc31674fe8892a5ad4aa5a9e691536c71809,utf-8,clean,delivered_in_bundle,
10_console/dashboard_source/demo.py,stock_swing_review_export_mail_safe_part_001.txt,135868,135995,.py,4016,477dff26132a010e842fe98efd5b4f88576585ea9a4bba57dce1b2ba1abe76f7,utf-8,clean,delivered_in_bundle,
10_console/dashboard_source/requirements.txt,stock_swing_review_export_mail_safe_part_001.txt,135996,136013,.txt,100,bb5ebf4712a5f3e15bce36325ef72b9a4c9efdc8e1aff2c4a9320afe507ad487,utf-8,clean,delivered_in_bundle,
11_ai_usage/ai_usage_per_decision.csv,stock_swing_review_export_mail_safe_part_001.txt,136014,138184,.csv,213244,386789f0860eaf835436c862bfe950c957af64291ca6bd6de681ed5fa3ea56f3,utf-8,clean,delivered_in_bundle,
11_ai_usage/ai_usage_summary.json,stock_swing_review_export_mail_safe_part_001.txt,138185,138258,.json,1624,8e0581d4d46ad19a98488cf7806f0d26b78b91fcd8508e81248212cd5f24a4f9,utf-8,clean,delivered_in_bundle,
12_security/secret_scan_results.txt,stock_swing_review_export_mail_safe_part_001.txt,138259,138270,.txt,73,f96f7d135428ec16aef1f9f029b81f22ab2ba7b7d3e436d120bec49bd25b3012,utf-8,clean,delivered_in_bundle,
12_security/security_notes.md,stock_swing_review_export_mail_safe_part_001.txt,138271,138296,.md,537,5aee5a164345f0c1e54b7c11d2d284332ad43b2e4764d4cf23d31ed51c766b65,utf-8,clean,delivered_in_bundle,
13_open_questions/review_questions.md,stock_swing_review_export_mail_safe_part_001.txt,138297,138352,.md,2172,75902a50159a25092287d1d1b6d36089e60f8a54afd0b8dd658286a77c18a108,utf-8,clean,delivered_in_bundle,
